timestamp,ip_address,successful_login
1724078090944968,129.16.0.30,True
1724077962000629,129.16.0.32,True
1724073518995172,129.16.0.32,True
1724060460750938,129.16.0.32,True
1724060186621089,129.16.0.5,True
1724060114741985,129.16.0.5,True
1724060071192315,129.16.0.5,False
1724060071061916,129.16.0.5,False
1724060070938169,129.16.0.5,False
1724058323675620,129.16.0.23,True
1724058051382566,129.16.0.30,True
1724057901878900,129.16.0.30,True
1724057901878368,129.16.0.30,True
1724057899711319,129.16.0.30,False
1724057899710875,129.16.0.30,False
1724057899441646,129.16.0.30,False
1724057899440919,129.16.0.30,False
1724057896700796,129.16.0.30,True
1724057793601135,129.16.0.30,True
1724057762566863,129.16.0.30,True
1724057756277413,129.16.0.30,False
1724056932174166,129.16.0.32,True
1724052824769955,129.16.0.8,True
1724019590027647,167.94.146.53,False
1724019572001044,167.94.146.53,False
1723923479965267,206.168.34.119,False
1723923470272874,162.142.125.221,False
1723923461040241,206.168.34.119,False
1723923452020428,162.142.125.221,False
1723881612352474,129.16.0.23,True
1723876966872010,129.16.0.23,True
1723876665917015,129.16.0.23,True
1723876647336751,129.16.0.23,True