timestamp,sensor_id,temperature,vibration,speed,alarm_status,location
1640995200000,SENSOR_005,5086.800801971305,49.93190847248866,76,False,Zone_Charlie
1640995260000,SENSOR_007,7603.877516439199,-805.7400860527916,-4510,False,Zone_Bravo
1640995320000,SENSOR_004,6189.461158201182,84.51322893232168,5629,False,Zone_Bravo
1640995380000,SENSOR_004,8642.38843339037,983.1252851431925,-3530,False,Zone_Bravo
1640995440000,SENSOR_007,-1810.2977953370191,-635.5491071018305,-2234,True,Zone_Echo
1640995500000,SENSOR_007,-4920.403936306976,315.00201139377623,-1389,False,Zone_Delta
1640995560000,SENSOR_006,-1172.4552115068345,229.75477776994285,6775,False,Zone_Echo
1640995620000,SENSOR_009,4671.6836423759105,-287.202579519717,1074,False,Zone_Echo
1640995680000,SENSOR_008,4068.610766277505,252.40753617945234,7831,True,Zone_Echo
1640995740000,SENSOR_009,-893.8276736617663,-12.483810312829291,9762,True,Zone_Alpha
1640995800000,SENSOR_009,-8294.356853943726,615.8124132322921,2150,False,Zone_Echo
1640995860000,SENSOR_008,9629.656338791567,-878.7143188011565,8978,True,Zone_Bravo
1640995920000,SENSOR_010,-708.4727671809978,-851.9474744495932,9936,False,Zone_Delta
1640995980000,SENSOR_008,-2120.9282695259144,114.54598675046032,1383,False,Zone_Charlie
1640996040000,SENSOR_001,5046.600641132465,-778.5086577381295,-5654,True,Zone_Bravo
1640996100000,SENSOR_004,-4432.119337276507,940.3272482268803,6513,False,Zone_Delta
1640996160000,SENSOR_002,-3205.8046655310045,-839.8681159641088,-9364,False,Zone_Delta
1640996220000,SENSOR_006,8547.565965649017,541.6900345738518,9169,False,Zone_Alpha
1640996280000,SENSOR_010,-1654.1116401860181,-237.1387441969522,-4746,True,Zone_Delta
1640996340000,SENSOR_009,7497.085047056535,506.0846066692211,9454,False,Zone_Charlie
1640996400000,SENSOR_002,5864.813523377985,292.9595398630627,-4961,True,Zone_Alpha
1640996460000,SENSOR_005,-7724.679270507964,-669.6368707874567,6344,False,Zone_Alpha
1640996520000,SENSOR_004,-5837.597908481544,-63.02460470357471,-7891,False,Zone_Alpha
1640996580000,SENSOR_006,-8435.545063576616,743.8131954754301,-3343,False,Zone_Alpha
1640996640000,SENSOR_010,1096.383356095519,-379.76415888852944,-4058,True,Zone_Alpha
1640996700000,SENSOR_010,3919.2617183837174,503.1247782407688,7775,False,Zone_Charlie
1640996760000,SENSOR_001,7820.52141989876,-446.12595367188294,6883,False,Zone_Bravo
1640996820000,SENSOR_002,-7252.352368957969,157.80969381501404,-7577,True,Zone_Alpha
1640996880000,SENSOR_006,-7676.6295565919645,624.4966433003433,-3177,False,Zone_Alpha
1640996940000,SENSOR_004,-1391.5034439713963,-304.903499591461,-6425,False,Zone_Bravo
1640997000000,SENSOR_008,7973.247989429365,3.993128029940749,-3543,True,Zone_Echo
1640997060000,SENSOR_006,-3547.98274414567,626.4645283292648,-2641,True,Zone_Bravo
1640997120000,SENSOR_008,-6337.790908932706,-101.8027950822318,-7182,False,Zone_Alpha
1640997180000,SENSOR_006,6614.075548281475,-663.5597035648333,-8001,True,Zone_Charlie
1640997240000,SENSOR_005,-5804.715938689143,925.2785301028857,7745,True,Zone_Echo
1640997300000,SENSOR_002,7887.176451930576,67.8951117450431,-6139,False,Zone_Delta
1640997360000,SENSOR_004,4766.63955286738,-177.51954846285958,7606,False,Zone_Bravo
1640997420000,SENSOR_002,4172.7886642878475,439.9968305810437,8443,True,Zone_Charlie
1640997480000,SENSOR_004,-2433.0183163505344,-844.0686543244984,-5638,True,Zone_Echo
1640997540000,SENSOR_006,9260.672700286148,434.1238149391802,-4858,True,Zone_Alpha
1640997600000,SENSOR_002,9672.254500716139,-772.0405799976772,-4126,False,Zone_Alpha
1640997660000,SENSOR_002,2406.015865210282,405.0090619699081,-1565,False,Zone_Bravo
1640997720000,SENSOR_002,-7131.084660451687,587.0456211580563,-5272,True,Zone_Echo
1640997780000,SENSOR_001,-9278.08482250868,-846.034752374635,-6103,True,Zone_Echo
1640997840000,SENSOR_009,9505.980101813388,527.1270997510599,-9269,True,Zone_Echo
1640997900000,SENSOR_007,7815.558535427623,173.22953486179244,-2797,True,Zone_Charlie
1640997960000,SENSOR_010,3087.0732172898242,867.9190205798175,-9848,False,Zone_Charlie
1640998020000,SENSOR_007,-467.541662272708,-625.0997859794309,-6908,True,Zone_Alpha
1640998080000,SENSOR_001,1600.0536799312795,132.18426337633377,-9782,True,Zone_Charlie
1640998140000,SENSOR_009,4280.920189645725,-547.7080748713561,-6991,False,Zone_Echo
1640998200000,SENSOR_009,-7922.428943889037,499.5806199487722,360,False,Zone_Charlie
1640998260000,SENSOR_002,4371.219770213636,701.9581985528362,-6598,False,Zone_Alpha
1640998320000,SENSOR_007,8687.602098264477,618.518914665068,-2418,True,Zone_Echo
1640998380000,SENSOR_005,-4382.394429704997,936.7830319662771,1374,False,Zone_Charlie
1640998440000,SENSOR_006,1472.7224722751544,-593.7070619186651,-273,False,Zone_Bravo
1640998500000,SENSOR_004,2320.226097227116,20.80366210731529,5082,False,Zone_Delta
1640998560000,SENSOR_004,438.7323424356018,-486.06439612135375,-5329,False,Zone_Alpha
1640998620000,SENSOR_007,-4859.291211443242,-539.8774248559916,-2324,False,Zone_Echo
1640998680000,SENSOR_005,2.787502555445826,734.9673830276745,1781,True,Zone_Bravo
1640998740000,SENSOR_005,-2635.789939465005,-897.5885754393203,2532,False,Zone_Delta
1640998800000,SENSOR_003,-2444.58605970641,907.3206220637217,-5284,False,Zone_Delta
1640998860000,SENSOR_002,5595.807262223096,965.407288276637,4949,False,Zone_Alpha
1640998920000,SENSOR_005,-2812.4068597189744,67.47377914784988,5627,False,Zone_Alpha
1640998980000,SENSOR_002,-9066.39548281517,143.1750688980885,-1072,False,Zone_Delta
1640999040000,SENSOR_010,-3329.6788804859425,830.999932663867,-6642,True,Zone_Bravo
1640999100000,SENSOR_003,3812.568736381332,67.84415422103712,-9598,True,Zone_Bravo
1640999160000,SENSOR_007,-8391.550648303655,570.613407832574,1182,True,Zone_Charlie
1640999220000,SENSOR_002,1877.97121152197,871.4847073598019,9810,True,Zone_Charlie
1640999280000,SENSOR_009,-9840.392110691357,404.1882310028366,6495,False,Zone_Charlie
1640999340000,SENSOR_004,2364.6730831552286,-232.10391582134002,1341,False,Zone_Delta
1640999400000,SENSOR_005,-4836.249090054625,-407.3485390662837,-3027,False,Zone_Delta
1640999460000,SENSOR_002,9841.901655100188,126.67644368034712,-3974,False,Zone_Charlie
1640999520000,SENSOR_008,-9383.280232237312,122.31030794045341,-6941,False,Zone_Charlie
1640999580000,SENSOR_004,-3712.4465381825585,726.2933426664154,-7920,True,Zone_Bravo
1640999640000,SENSOR_009,-680.3265767690718,180.57595185882906,-7539,True,Zone_Echo
1640999700000,SENSOR_001,-5481.215256756913,72.29690210624744,-3608,True,Zone_Delta
1640999760000,SENSOR_004,4390.184344354651,801.1780899399218,-3523,True,Zone_Echo
1640999820000,SENSOR_003,-1430.018589386149,288.18688739269055,4628,True,Zone_Alpha
1640999880000,SENSOR_010,-1312.968405661557,366.8177389847251,-1216,True,Zone_Bravo
1640999940000,SENSOR_006,-4790.585879230504,175.42281177648783,8382,False,Zone_Alpha
1641000000000,SENSOR_004,5375.270737737159,-251.1444641232066,-8793,True,Zone_Charlie
1641000060000,SENSOR_010,-3870.357456567086,358.63619118194265,3687,False,Zone_Charlie
1641000120000,SENSOR_005,-9901.401073992456,-460.20265038157834,2375,False,Zone_Alpha
1641000180000,SENSOR_010,6728.118418190446,32.549934896065906,-7281,False,Zone_Echo
1641000240000,SENSOR_001,3416.388748244486,-217.67990121706498,3895,False,Zone_Alpha
1641000300000,SENSOR_001,6568.4292397034405,-875.4292094004714,-6077,False,Zone_Delta
1641000360000,SENSOR_009,5783.723517961371,-646.5824557637368,7842,True,Zone_Charlie
1641000420000,SENSOR_007,-3239.090653514698,539.3188540368112,9961,False,Zone_Charlie
1641000480000,SENSOR_008,7130.1536345759705,-749.7122003329441,6358,True,Zone_Bravo
1641000540000,SENSOR_009,-2809.854060299981,603.0874367252177,-1082,True,Zone_Alpha
1641000600000,SENSOR_004,9870.4695812309,105.73373646161099,9593,False,Zone_Echo
1641000660000,SENSOR_004,4224.945769532531,-571.7877401305178,-8910,False,Zone_Echo
1641000720000,SENSOR_005,2642.6749897938516,499.8114860066389,-6539,False,Zone_Echo
1641000780000,SENSOR_002,9917.037404195398,-832.9901644440065,4202,False,Zone_Echo
1641000840000,SENSOR_006,9691.811904007176,-182.73190424879488,-1623,False,Zone_Bravo
1641000900000,SENSOR_005,3624.678154109579,965.9900318547398,-7007,True,Zone_Charlie
1641000960000,SENSOR_007,-4137.111418030412,-849.7538535175753,6971,False,Zone_Alpha
1641001020000,SENSOR_005,6711.54910404098,-45.149617801257364,-5836,False,Zone_Delta
1641001080000,SENSOR_008,-2966.1017245931016,947.712604686632,-7485,False,Zone_Bravo
1641001140000,SENSOR_002,8937.297783896582,-379.64654993157626,-2366,True,Zone_Delta
1641001200000,SENSOR_006,9104.356615247867,468.5222479600384,6271,False,Zone_Alpha
1641001260000,SENSOR_006,-5954.356275260763,14.522239334714413,9082,False,Zone_Delta
1641001320000,SENSOR_001,4631.863711854774,111.13796636877305,-7994,False,Zone_Echo
1641001380000,SENSOR_009,1859.562913141548,581.0239547504993,5036,True,Zone_Delta
1641001440000,SENSOR_002,-7691.693607869572,-353.54912486423996,7314,True,Zone_Echo
1641001500000,SENSOR_003,813.2896832912247,-916.6335392147494,3737,True,Zone_Charlie
1641001560000,SENSOR_006,5088.487178558562,883.997055575918,-6243,False,Zone_Echo
1641001620000,SENSOR_002,-8316.561507046486,330.87414014279034,2428,False,Zone_Delta
1641001680000,SENSOR_007,4656.74320996538,364.5933889693656,-3946,True,Zone_Charlie
1641001740000,SENSOR_010,2413.8820531842557,487.63126301777515,-8289,True,Zone_Echo
1641001800000,SENSOR_006,-473.47957619868794,582.0557554141542,1634,True,Zone_Alpha
1641001860000,SENSOR_002,-1354.5399769795604,236.3211990978259,-7718,True,Zone_Echo
1641001920000,SENSOR_009,-2480.5867869237327,-903.9553130927765,7910,True,Zone_Charlie
1641001980000,SENSOR_007,-3252.0658904251886,-4.42717117508937,945,True,Zone_Echo
1641002040000,SENSOR_002,6562.505755532431,-171.32886064426532,7101,False,Zone_Alpha
1641002100000,SENSOR_004,-5006.00049633275,-949.0697544495861,-7910,False,Zone_Echo
1641002160000,SENSOR_009,-87.74293635097274,-169.51341734885864,3444,False,Zone_Echo
1641002220000,SENSOR_002,-5832.285033234261,-917.7090928357292,6952,False,Zone_Bravo
1641002280000,SENSOR_010,4859.024325151102,-93.54593691192804,-7719,True,Zone_Bravo
1641002340000,SENSOR_007,-6829.196570679718,373.4423727492999,474,False,Zone_Alpha
1641002400000,SENSOR_009,8808.436022358503,-844.4360179956527,7651,False,Zone_Charlie
1641002460000,SENSOR_003,7672.0228659381355,95.98758097536438,6342,False,Zone_Alpha
1641002520000,SENSOR_008,7209.370918928053,-87.76918024554755,-4195,False,Zone_Delta
1641002580000,SENSOR_003,6302.031395063157,-410.22644076312974,-1557,False,Zone_Alpha
1641002640000,SENSOR_008,7969.439908658715,-255.90921866760596,-3084,True,Zone_Echo
1641002700000,SENSOR_009,6068.616897093114,-199.17369243630594,8945,False,Zone_Charlie
1641002760000,SENSOR_007,1760.5855316918733,581.535728032331,4727,True,Zone_Bravo
1641002820000,SENSOR_004,-9066.749857707731,-32.55040093401874,-1119,False,Zone_Alpha
1641002880000,SENSOR_009,-5253.285108990009,978.7268250541808,2269,True,Zone_Bravo
1641002940000,SENSOR_010,-1882.0337238479824,904.5154588622636,2337,False,Zone_Echo
1641003000000,SENSOR_003,-9159.099080095493,-177.2774778154651,-6393,False,Zone_Echo
1641003060000,SENSOR_006,6007.911287723398,224.3432807357824,4260,True,Zone_Charlie
1641003120000,SENSOR_003,380.5280441262512,-208.80102001388673,-2520,False,Zone_Alpha
1641003180000,SENSOR_007,-8615.127999685694,-812.0557273079601,-1967,True,Zone_Alpha
1641003240000,SENSOR_006,2643.382758188256,258.0908518670508,-4368,True,Zone_Alpha
1641003300000,SENSOR_001,-2977.059836074185,496.4022922663821,6696,False,Zone_Alpha
1641003360000,SENSOR_005,3471.8038174485573,286.7298383728805,7194,True,Zone_Delta
1641003420000,SENSOR_002,-4937.257638055481,-26.335501336248512,-4922,True,Zone_Delta
1641003480000,SENSOR_003,5783.586278836672,-358.2358120969868,7273,False,Zone_Alpha
1641003540000,SENSOR_006,-4348.851841428019,-131.942566940461,3073,True,Zone_Delta
1641003600000,SENSOR_009,-9515.022191762617,987.9965643137396,-72,True,Zone_Echo
1641003660000,SENSOR_002,-9560.72284268565,236.0486214942357,6408,True,Zone_Delta
1641003720000,SENSOR_010,-1149.149626258777,400.34253823697986,-2043,False,Zone_Bravo
1641003780000,SENSOR_006,-8805.239095226558,597.7942935148069,5602,True,Zone_Bravo
1641003840000,SENSOR_003,8496.751701549048,-211.75542377441013,-1498,True,Zone_Charlie
1641003900000,SENSOR_007,-7520.3418841497,76.38664129342851,5804,True,Zone_Bravo
1641003960000,SENSOR_008,5829.778803533012,280.52822386245657,3967,False,Zone_Alpha
1641004020000,SENSOR_005,280.75497271956556,-192.65570696210216,342,False,Zone_Alpha
1641004080000,SENSOR_008,-9362.730337574214,917.3677633347013,7212,True,Zone_Echo
1641004140000,SENSOR_002,-3106.1272608534355,324.3993975560986,5298,False,Zone_Charlie
1641004200000,SENSOR_002,3992.2521761076896,669.7841865691498,-8479,False,Zone_Charlie
1641004260000,SENSOR_008,8042.217852317288,-92.53604003924431,-7110,False,Zone_Echo
1641004320000,SENSOR_004,3764.7082102866934,-402.49428163027653,-5391,False,Zone_Bravo
1641004380000,SENSOR_001,-8814.671732445024,-987.6283824898511,4212,True,Zone_Delta
1641004440000,SENSOR_008,6044.3461772902865,317.8993832232293,-8851,False,Zone_Charlie
1641004500000,SENSOR_005,8309.945159258416,398.860510590443,-3004,False,Zone_Bravo
1641004560000,SENSOR_009,62.37160153761397,799.3121048860164,3025,False,Zone_Echo
1641004620000,SENSOR_009,6473.664564765022,501.1742271277717,-6936,False,Zone_Echo
1641004680000,SENSOR_006,2870.6345297589523,-330.712792499531,9449,False,Zone_Charlie
1641004740000,SENSOR_004,-3010.9549544517076,-269.77830538112426,-1841,False,Zone_Charlie
1641004800000,SENSOR_005,3551.405844540781,783.6866522634414,-5678,False,Zone_Delta
1641004860000,SENSOR_008,4998.963490273511,-565.7400591457281,-7365,True,Zone_Charlie
1641004920000,SENSOR_010,-7410.906598925948,929.5772719521808,-9691,True,Zone_Delta
1641004980000,SENSOR_007,9597.540450181194,-594.0242752978284,5158,False,Zone_Alpha
1641005040000,SENSOR_005,2688.738355001222,-306.1790512970126,5865,False,Zone_Alpha
1641005100000,SENSOR_002,1990.580055562983,-177.67961095560293,224,False,Zone_Bravo
1641005160000,SENSOR_008,-9347.242348088253,648.8295576575831,-6768,True,Zone_Delta
1641005220000,SENSOR_005,-3095.2376944746793,-766.7360182142388,1753,True,Zone_Delta
1641005280000,SENSOR_008,-5419.406945428318,272.58512628861786,-6686,True,Zone_Echo
1641005340000,SENSOR_004,-2645.4034697632387,-859.3973239425736,-6680,True,Zone_Bravo
1641005400000,SENSOR_006,-2390.3061436414027,375.15098063383357,1762,True,Zone_Alpha
1641005460000,SENSOR_005,-8934.98520821085,-564.5739363725309,-3820,True,Zone_Delta
1641005520000,SENSOR_008,-3996.726163861057,-689.6243391355265,4292,True,Zone_Echo
1641005580000,SENSOR_003,9209.761497796764,-730.1370084388166,-1946,True,Zone_Delta
1641005640000,SENSOR_009,-3365.346888772542,-493.375816526459,-1371,True,Zone_Charlie
1641005700000,SENSOR_009,-4827.242745530711,855.0677522487892,6981,True,Zone_Delta
1641005760000,SENSOR_003,6752.851669986434,506.20938867590917,-8816,True,Zone_Alpha
1641005820000,SENSOR_008,8933.011996300549,-111.70092726935502,1595,False,Zone_Echo
1641005880000,SENSOR_010,-3821.9623968092064,-39.27925142059735,9360,False,Zone_Delta
1641005940000,SENSOR_007,9403.99240989091,-696.2144444878206,-7198,False,Zone_Echo
1641006000000,SENSOR_008,5105.862522953539,620.9182259458078,-1936,True,Zone_Delta
1641006060000,SENSOR_009,-3357.8159353061146,-32.73474214413591,-1821,True,Zone_Bravo
1641006120000,SENSOR_002,-531.8400621393357,-306.54064065787213,8373,True,Zone_Delta
1641006180000,SENSOR_007,-132.9259288474168,550.3465717570441,7451,True,Zone_Echo
1641006240000,SENSOR_008,5837.708954338403,-432.0162406799775,-1377,True,Zone_Delta
1641006300000,SENSOR_003,232.501946690174,169.58353549872982,-2136,True,Zone_Charlie
1641006360000,SENSOR_008,518.3545124693392,580.9663032749054,8860,True,Zone_Alpha
1641006420000,SENSOR_008,-215.1104483342151,-513.8885331206436,9123,False,Zone_Bravo
1641006480000,SENSOR_007,-8628.719351925229,990.3914534985797,-3191,True,Zone_Delta
1641006540000,SENSOR_005,6263.958581167359,-474.89616725580254,4252,True,Zone_Delta
1641006600000,SENSOR_002,2717.2945889709026,576.93621560817,-6338,True,Zone_Delta
1641006660000,SENSOR_004,5164.299460802473,424.00589209713416,-437,False,Zone_Bravo
1641006720000,SENSOR_005,-8138.686697856186,265.06451197378146,-6610,False,Zone_Delta
1641006780000,SENSOR_009,-7327.443212960301,489.6652472874989,7163,False,Zone_Bravo
1641006840000,SENSOR_004,-6304.143436182461,644.4284441292043,-548,True,Zone_Alpha
1641006900000,SENSOR_007,-1356.314768771339,999.1208073813741,-8513,False,Zone_Charlie
1641006960000,SENSOR_009,3363.7900105627414,-420.4565408274392,2075,True,Zone_Charlie
1641007020000,SENSOR_007,-7906.578493714866,747.2226969206476,4582,True,Zone_Bravo
1641007080000,SENSOR_010,6679.724780134664,-318.9981698942647,1045,False,Zone_Echo
1641007140000,SENSOR_004,7673.431727856085,-298.6888861176807,1255,False,Zone_Delta
1641007200000,SENSOR_005,6780.463138188807,76.56820314601714,-9273,False,Zone_Alpha
1641007260000,SENSOR_001,9329.659904643016,619.483470972466,1381,False,Zone_Bravo
1641007320000,SENSOR_005,2973.2392005449346,211.48105118705666,-778,True,Zone_Echo
1641007380000,SENSOR_010,-3257.8763047666007,-184.64796218267998,-6982,False,Zone_Alpha
1641007440000,SENSOR_006,-3790.8642027201477,513.7430551690554,9220,False,Zone_Bravo
1641007500000,SENSOR_001,1248.7666226482452,114.07850911572723,6999,True,Zone_Delta
1641007560000,SENSOR_004,-3882.426250604678,663.1294257728782,9497,False,Zone_Alpha
1641007620000,SENSOR_006,1414.876584374706,-201.21363236311333,-3245,False,Zone_Echo
1641007680000,SENSOR_009,6413.22232822841,-317.55970647057484,6283,False,Zone_Echo
1641007740000,SENSOR_007,9897.501484285654,264.48179328671904,-41,False,Zone_Bravo
1641007800000,SENSOR_008,-4751.074848177197,-983.9530151435463,3737,True,Zone_Bravo
1641007860000,SENSOR_005,-7795.430304370953,-262.6807055784832,-7279,True,Zone_Echo
1641007920000,SENSOR_006,-7259.912352337586,474.72945808619625,520,False,Zone_Alpha
1641007980000,SENSOR_007,-9558.613962621714,479.32154171175785,-8512,False,Zone_Bravo
1641008040000,SENSOR_006,-7156.909678488612,36.29496944645393,7643,True,Zone_Charlie
1641008100000,SENSOR_002,-3302.735055223403,182.38443659322775,-553,False,Zone_Alpha
1641008160000,SENSOR_003,-2979.944691182006,477.46841205231703,-1925,True,Zone_Delta
1641008220000,SENSOR_007,8793.090594621179,-656.7677915392699,-5934,False,Zone_Delta
1641008280000,SENSOR_009,3676.3714151029017,457.8255335990377,-9223,False,Zone_Echo
1641008340000,SENSOR_001,7263.209810210512,234.29765469661834,-1154,False,Zone_Alpha
1641008400000,SENSOR_008,9881.900400434537,-608.9862520950262,-3804,False,Zone_Bravo
1641008460000,SENSOR_009,7496.1326704599305,-597.1907894006192,8801,True,Zone_Delta
1641008520000,SENSOR_001,7383.130475008504,993.666212579313,-7681,False,Zone_Bravo
1641008580000,SENSOR_005,9247.44405058353,-456.8143040947625,-3083,True,Zone_Echo
1641008640000,SENSOR_010,4429.397438378217,885.2527987678363,5170,True,Zone_Charlie
1641008700000,SENSOR_010,-7065.632171556793,921.1135323446881,2603,False,Zone_Echo
1641008760000,SENSOR_009,6864.782822408946,156.6081771446295,434,False,Zone_Delta
1641008820000,SENSOR_007,6193.0524739210505,-837.9031888551108,-4388,False,Zone_Alpha
1641008880000,SENSOR_008,1962.07859946007,227.22084624360537,-2020,False,Zone_Delta
1641008940000,SENSOR_009,6806.660835682389,989.6528594186975,5435,True,Zone_Alpha
1641009000000,SENSOR_008,2076.5523284649753,-883.9609972682603,-1754,True,Zone_Alpha
1641009060000,SENSOR_005,1348.080792269724,890.7977365774539,5067,False,Zone_Echo
1641009120000,SENSOR_010,-5907.347524668767,-286.5418473936801,-2142,True,Zone_Alpha
1641009180000,SENSOR_006,-804.5395367948422,987.0338147000018,9566,False,Zone_Alpha
1641009240000,SENSOR_009,7522.8514107662995,90.81222179497809,-3872,False,Zone_Echo
1641009300000,SENSOR_006,7742.597810653533,-545.8012422320635,8761,True,Zone_Delta
1641009360000,SENSOR_008,8985.517693869817,-540.1798709653012,3304,True,Zone_Charlie
1641009420000,SENSOR_003,6111.8862333283105,-39.43758545836101,-8383,True,Zone_Echo
1641009480000,SENSOR_007,1571.1934713456376,881.9285510117018,4637,True,Zone_Delta
1641009540000,SENSOR_004,2606.096221979289,-433.6276265023848,-5176,True,Zone_Echo
1641009600000,SENSOR_001,-6912.617584617938,431.9008749236946,3614,True,Zone_Delta
1641009660000,SENSOR_007,4812.084349198689,-499.8873684541909,4758,True,Zone_Echo
1641009720000,SENSOR_010,4659.708217553334,-194.7622150513497,3647,False,Zone_Alpha
1641009780000,SENSOR_005,-444.96174315534336,-429.01995359653597,-8639,False,Zone_Echo
1641009840000,SENSOR_003,-8054.817827130533,-287.17923589920827,-628,False,Zone_Echo
1641009900000,SENSOR_002,-2102.0850448289293,332.932855326404,261,False,Zone_Charlie
1641009960000,SENSOR_010,7346.432213592168,161.535548269816,3671,True,Zone_Echo
1641010020000,SENSOR_003,-6207.452446165729,712.5701326655678,4284,True,Zone_Delta
1641010080000,SENSOR_003,-9623.611968769963,82.5992775360603,-9551,False,Zone_Charlie
1641010140000,SENSOR_002,9198.71069199796,177.50287708842393,-5469,True,Zone_Echo
1641010200000,SENSOR_009,801.3404971565305,-242.63928897166352,9707,True,Zone_Alpha
1641010260000,SENSOR_007,7701.468398654746,-661.4623185023563,-2777,True,Zone_Charlie
1641010320000,SENSOR_010,2386.5144546504234,-264.16726205082955,2366,False,Zone_Bravo
1641010380000,SENSOR_006,-180.4471930670552,-274.0457296505499,4976,True,Zone_Delta
1641010440000,SENSOR_010,-8202.053768471009,-525.5252129690659,-4043,True,Zone_Bravo
1641010500000,SENSOR_006,-5167.3681336657555,715.2518206090404,8699,False,Zone_Alpha
1641010560000,SENSOR_007,-4278.647307955465,86.61752515320063,-12,False,Zone_Alpha
1641010620000,SENSOR_004,8941.442076307114,-328.2485861823383,-250,True,Zone_Alpha
1641010680000,SENSOR_009,-6583.391371056718,169.67024997583303,-6934,False,Zone_Echo
1641010740000,SENSOR_006,-3118.877684740324,-778.5642865359275,2640,False,Zone_Bravo
1641010800000,SENSOR_006,-3347.621213899035,-949.1227860576563,4759,True,Zone_Bravo
1641010860000,SENSOR_007,5359.582057042944,110.31265063582191,-3394,False,Zone_Echo
1641010920000,SENSOR_006,3653.1912898779246,-249.31216078042894,-2792,False,Zone_Alpha
1641010980000,SENSOR_009,4264.018739023391,-51.87534294097884,-4254,False,Zone_Charlie
1641011040000,SENSOR_003,-5977.0212569423475,-78.60475248361661,229,False,Zone_Charlie
1641011100000,SENSOR_009,313.0669511185806,-641.9499240556128,262,True,Zone_Bravo
1641011160000,SENSOR_004,299.0829760736524,-825.9315972486638,4181,False,Zone_Bravo
1641011220000,SENSOR_008,3491.168995196811,712.4265770353591,7428,True,Zone_Alpha
1641011280000,SENSOR_008,1462.9718645891753,-236.1909698539149,-4841,True,Zone_Alpha
1641011340000,SENSOR_010,-1571.7910045957797,970.9017457609855,5928,True,Zone_Alpha
1641011400000,SENSOR_006,1368.2098333061313,-167.28961611885347,4978,True,Zone_Charlie
1641011460000,SENSOR_001,-7626.328499319295,-952.5071864448964,-5118,False,Zone_Charlie
1641011520000,SENSOR_005,608.3966035499361,-874.9710706189704,-1745,False,Zone_Delta
1641011580000,SENSOR_002,6331.144133494157,-340.0741082541765,7953,False,Zone_Charlie
1641011640000,SENSOR_003,7240.951695155822,-487.9032906321687,3857,False,Zone_Echo
1641011700000,SENSOR_005,4967.7429034507695,-321.2581294438319,650,True,Zone_Bravo
1641011760000,SENSOR_005,-6746.049319954604,-239.60734035916494,-384,True,Zone_Alpha
1641011820000,SENSOR_005,-9203.004858474935,-388.6547226426728,-7882,False,Zone_Bravo
1641011880000,SENSOR_006,6496.549377435604,187.9275568430087,7793,False,Zone_Alpha
1641011940000,SENSOR_008,3877.3184102344367,-933.3163136872387,-8925,True,Zone_Bravo
1641012000000,SENSOR_009,222.07871095742667,674.0045791489647,-4181,False,Zone_Alpha
1641012060000,SENSOR_008,-1601.153559566921,844.6944007407849,-1947,True,Zone_Echo
1641012120000,SENSOR_010,-1788.7176765831136,347.3917983615679,4746,False,Zone_Charlie
1641012180000,SENSOR_006,5001.969994272704,109.06662712817729,-8998,True,Zone_Delta
1641012240000,SENSOR_010,-146.0055979559511,417.0822748007963,-2408,True,Zone_Delta
1641012300000,SENSOR_003,-2315.1972482473802,96.23679309075055,8123,False,Zone_Charlie
1641012360000,SENSOR_003,8662.69209760282,-152.9933448459791,-579,False,Zone_Echo
1641012420000,SENSOR_005,1389.3082198266857,145.78919603146323,9807,True,Zone_Delta
1641012480000,SENSOR_001,7433.393082404269,370.6262496491911,2298,True,Zone_Charlie
1641012540000,SENSOR_003,-9710.736028248471,-7.044064579531323,-6032,False,Zone_Delta
1641012600000,SENSOR_007,8768.827096383258,658.9423009701934,8197,True,Zone_Echo
1641012660000,SENSOR_005,3650.2827901680284,726.1035786024495,7058,True,Zone_Charlie
1641012720000,SENSOR_007,-8155.225064207987,190.57740211919827,-5913,False,Zone_Delta
1641012780000,SENSOR_007,-4826.189639320662,305.16981928745645,-8780,False,Zone_Charlie
1641012840000,SENSOR_003,-7486.824936637788,-669.8462339413664,-6483,False,Zone_Delta
1641012900000,SENSOR_008,7249.2711862889555,939.7853501828336,7930,True,Zone_Alpha
1641012960000,SENSOR_008,-8458.002839021272,282.9271706383388,-1540,False,Zone_Bravo
1641013020000,SENSOR_010,3944.337909150934,-699.8685049842061,1004,False,Zone_Bravo
1641013080000,SENSOR_002,1127.8209020685117,520.6550824974527,4274,False,Zone_Charlie
1641013140000,SENSOR_010,-2446.409499079574,-557.6242025358473,8404,False,Zone_Bravo
1641013200000,SENSOR_007,9897.163146671173,-977.8991670223667,-3821,True,Zone_Echo
1641013260000,SENSOR_010,-389.3155595302087,444.8318900692618,-6523,True,Zone_Echo
1641013320000,SENSOR_010,2974.8214551365945,184.6088470513714,6226,True,Zone_Charlie
1641013380000,SENSOR_004,-655.3274756836054,711.8482760118468,9028,True,Zone_Delta
1641013440000,SENSOR_003,9969.35879454304,835.0692526834259,9876,True,Zone_Bravo
1641013500000,SENSOR_010,-9200.43173525541,101.4597877349513,-6947,True,Zone_Echo
1641013560000,SENSOR_010,5992.984155503751,205.69935908383604,6917,True,Zone_Delta
1641013620000,SENSOR_007,3908.509681495896,-788.6776553932351,-3260,False,Zone_Delta
1641013680000,SENSOR_004,-8953.57505298345,341.9428948985692,-6552,False,Zone_Charlie
1641013740000,SENSOR_002,-8647.02388997535,6.26187355809634,-78,True,Zone_Bravo
1641013800000,SENSOR_001,9603.489533176056,-475.2439981659446,-4330,False,Zone_Alpha
1641013860000,SENSOR_001,-7711.329441218513,-667.3214116045551,7105,False,Zone_Alpha
1641013920000,SENSOR_010,-581.0855444116169,315.597679317179,7601,True,Zone_Alpha
1641013980000,SENSOR_008,9998.258862216506,-722.4903644081888,8585,True,Zone_Alpha
1641014040000,SENSOR_006,2921.760010736334,-72.5386387647768,9280,False,Zone_Bravo
1641014100000,SENSOR_005,8872.099073486737,-147.80186203085407,-8827,True,Zone_Alpha
1641014160000,SENSOR_010,-5759.327751218751,-742.8166388157689,1669,True,Zone_Alpha
1641014220000,SENSOR_006,-7035.630879519014,607.6241666730341,3483,True,Zone_Alpha
1641014280000,SENSOR_001,-4131.709681994474,581.8805135002995,-2804,False,Zone_Alpha
1641014340000,SENSOR_001,7583.015100228276,117.1890579017529,3406,False,Zone_Echo
1641014400000,SENSOR_007,1079.7870475156196,-687.599012879472,9953,False,Zone_Echo
1641014460000,SENSOR_001,-2193.0208627274887,664.198631753178,4561,True,Zone_Echo
1641014520000,SENSOR_001,1216.5220610303713,-825.7881419161814,-8521,False,Zone_Bravo
1641014580000,SENSOR_005,4185.701332907447,-95.07297327784033,3808,False,Zone_Bravo
1641014640000,SENSOR_003,7815.885198969179,922.3590613985914,2497,True,Zone_Charlie
1641014700000,SENSOR_008,-8821.623288078274,411.61284988732586,1517,False,Zone_Delta
1641014760000,SENSOR_010,-4196.314745457949,-722.9889361052573,-7584,True,Zone_Alpha
1641014820000,SENSOR_006,-5597.385378728188,253.41187930783917,-7862,True,Zone_Alpha
1641014880000,SENSOR_003,-476.7065589603899,-146.01759806342193,-3331,True,Zone_Delta
1641014940000,SENSOR_009,-2886.7007221623053,412.76460054488393,-9769,False,Zone_Charlie
1641015000000,SENSOR_010,-5004.008345231261,218.70648997016679,5966,False,Zone_Bravo
1641015060000,SENSOR_009,-8034.579506379613,-658.2249919183669,-1247,False,Zone_Echo
1641015120000,SENSOR_001,-9344.947377338307,384.2440245150058,5620,False,Zone_Delta
1641015180000,SENSOR_010,-2091.0654775410385,555.7808572403453,475,True,Zone_Delta
1641015240000,SENSOR_008,827.278643330279,-291.55608447681175,-8906,False,Zone_Delta
1641015300000,SENSOR_005,-3890.6627813435343,874.540311589144,-6025,False,Zone_Alpha
1641015360000,SENSOR_010,9978.385410115912,830.5523575459533,-4128,False,Zone_Echo
1641015420000,SENSOR_002,-3374.9152154667427,-280.1184345496415,6980,True,Zone_Alpha
1641015480000,SENSOR_009,-2046.9360243343917,-524.7013682274015,1132,False,Zone_Echo
1641015540000,SENSOR_004,1602.9009786276256,-476.5059942792833,-7590,False,Zone_Echo
1641015600000,SENSOR_009,6752.358846674444,884.1304561422792,-9624,False,Zone_Charlie
1641015660000,SENSOR_006,4680.278642091411,845.1926310860217,-1515,True,Zone_Alpha
1641015720000,SENSOR_006,568.8739717788558,227.2912708579911,8813,True,Zone_Alpha
1641015780000,SENSOR_005,2494.961304411081,-756.5075223439768,7246,True,Zone_Charlie
1641015840000,SENSOR_008,1798.1135443845815,-604.4135573207545,4957,True,Zone_Alpha
1641015900000,SENSOR_007,4388.016755217735,829.3905047162816,4214,True,Zone_Bravo
1641015960000,SENSOR_006,-403.7991595403473,952.4828465200801,-5714,False,Zone_Delta
1641016020000,SENSOR_006,-9652.498879549492,-696.2389744227742,8381,True,Zone_Delta
1641016080000,SENSOR_002,-5901.551296319183,669.7227700097108,-666,True,Zone_Echo
1641016140000,SENSOR_010,-6958.6732155835,757.0851559985942,-2247,True,Zone_Alpha
1641016200000,SENSOR_003,-1550.761547540018,-946.7081110033799,-5118,True,Zone_Echo
1641016260000,SENSOR_009,-6430.601604573489,132.3315135056189,9773,False,Zone_Charlie
1641016320000,SENSOR_002,-871.294151419801,-120.50069349247372,-7277,False,Zone_Echo
1641016380000,SENSOR_010,-3648.9971414410193,551.4198515115038,-9059,True,Zone_Alpha
1641016440000,SENSOR_004,6689.937121677289,713.4251974851752,-3915,False,Zone_Charlie
1641016500000,SENSOR_004,2911.8084196874497,-33.47670936881002,9175,True,Zone_Alpha
1641016560000,SENSOR_004,-2626.684490998321,507.75601081005175,-2320,True,Zone_Delta
1641016620000,SENSOR_007,6830.922697813214,67.96208812526288,3969,False,Zone_Bravo
1641016680000,SENSOR_010,-7770.144444114689,473.5619525456714,-8694,False,Zone_Delta
1641016740000,SENSOR_010,-1760.4280268496914,128.12552296899298,924,False,Zone_Alpha
1641016800000,SENSOR_003,-4745.048272826922,204.8462593019267,4979,False,Zone_Delta
1641016860000,SENSOR_005,-1991.6271570037661,694.6656069059497,1967,False,Zone_Charlie
1641016920000,SENSOR_007,374.443408136829,580.1694022722209,4749,True,Zone_Bravo
1641016980000,SENSOR_001,8554.025296877757,940.9165506704712,1790,True,Zone_Charlie
1641017040000,SENSOR_006,1122.3965542070855,-733.8423424559023,-6720,False,Zone_Echo
1641017100000,SENSOR_007,-5347.39735920553,582.4897612289292,3443,False,Zone_Echo
1641017160000,SENSOR_003,-5805.750183670717,439.02816938922115,4384,True,Zone_Charlie
1641017220000,SENSOR_004,8731.35211145944,-441.917227691941,-8535,True,Zone_Echo
1641017280000,SENSOR_002,7141.65975847299,-813.1944830093363,5358,False,Zone_Echo
1641017340000,SENSOR_008,-2783.3603572251222,647.2247337343736,-5331,True,Zone_Echo
1641017400000,SENSOR_004,9756.164506579498,357.2925387346013,-9167,True,Zone_Bravo
1641017460000,SENSOR_004,6469.111177483261,974.3890891726512,-9429,False,Zone_Charlie
1641017520000,SENSOR_009,1679.503780740326,444.5561956000988,-856,False,Zone_Delta
1641017580000,SENSOR_007,-8764.000985580236,-823.4044530889802,2988,False,Zone_Bravo
1641017640000,SENSOR_010,5008.887524731272,-150.5885721846147,-5208,True,Zone_Charlie
1641017700000,SENSOR_004,9695.34531156861,15.17821154193814,-5068,True,Zone_Echo
1641017760000,SENSOR_004,-181.70613396742738,334.96313604621105,-2691,True,Zone_Bravo
1641017820000,SENSOR_007,1564.0157378656968,555.7820170520329,-5974,True,Zone_Delta
1641017880000,SENSOR_008,-7637.918814165465,337.6909855059507,-5279,True,Zone_Bravo
1641017940000,SENSOR_006,-2939.844070860302,-906.099835153886,-7227,True,Zone_Delta
1641018000000,SENSOR_003,-7001.572604794712,847.6684815529952,7395,True,Zone_Echo
1641018060000,SENSOR_010,-8355.996732415695,733.2197902487776,7173,False,Zone_Bravo
1641018120000,SENSOR_006,5745.113116210105,-537.6671783145266,5616,True,Zone_Delta
1641018180000,SENSOR_002,-9452.432570806284,876.4649268929372,-2672,True,Zone_Alpha
1641018240000,SENSOR_006,-4287.587163694741,-483.6129070935482,-5210,False,Zone_Bravo
1641018300000,SENSOR_005,-3629.403189474645,599.9761913551481,-6922,True,Zone_Delta
1641018360000,SENSOR_006,3908.4696640080783,-437.4531965043027,-328,False,Zone_Bravo
1641018420000,SENSOR_001,-4597.305430116349,-534.6887558164112,-718,False,Zone_Charlie
1641018480000,SENSOR_008,4712.988678324486,-820.5262158272697,7404,True,Zone_Charlie
1641018540000,SENSOR_005,-3028.6343062381447,482.52595203823944,4677,True,Zone_Bravo
1641018600000,SENSOR_010,-1685.2809063910718,906.242649344558,3975,False,Zone_Bravo
1641018660000,SENSOR_005,-7030.194186305878,-51.903676865262355,-914,False,Zone_Charlie
1641018720000,SENSOR_010,-6332.963233012611,-466.5361767025455,-344,True,Zone_Echo
1641018780000,SENSOR_009,-3854.994202804196,939.9739500837709,3668,False,Zone_Charlie
1641018840000,SENSOR_005,1625.6238898484626,349.9768049093334,-8434,False,Zone_Delta
1641018900000,SENSOR_001,8992.913660323873,-94.92442368936497,7774,True,Zone_Delta
1641018960000,SENSOR_009,1850.525393641392,549.7257790034557,-1346,True,Zone_Charlie
1641019020000,SENSOR_003,4650.929835862911,676.7262807321415,-8733,True,Zone_Delta
1641019080000,SENSOR_007,2963.75073310727,159.50784595985533,6911,False,Zone_Bravo
1641019140000,SENSOR_001,-3914.591079767968,593.889226763752,5789,False,Zone_Delta
1641019200000,SENSOR_004,9823.55098535874,923.2681822379311,-5378,True,Zone_Echo
1641019260000,SENSOR_002,3661.852713758084,172.02938628517086,-8854,False,Zone_Bravo
1641019320000,SENSOR_005,-7847.598944172374,-231.90046812255446,2540,True,Zone_Delta
1641019380000,SENSOR_004,6780.814422173426,791.1925761059201,-59,True,Zone_Bravo
1641019440000,SENSOR_002,-9703.858190292882,-293.0588656200423,-3698,True,Zone_Bravo
1641019500000,SENSOR_004,-7180.865387467048,463.584510606056,9616,True,Zone_Delta
1641019560000,SENSOR_009,-6675.205998484077,-876.8065863939028,8503,True,Zone_Bravo
1641019620000,SENSOR_007,-6369.168642274821,-505.3487379880075,7791,True,Zone_Charlie
1641019680000,SENSOR_009,5925.031046563796,14.45850230892097,-7451,True,Zone_Alpha
1641019740000,SENSOR_006,-6039.050318487642,766.4375060334887,7911,True,Zone_Alpha
1641019800000,SENSOR_010,7424.131706802487,-988.4448610380218,3550,True,Zone_Delta
1641019860000,SENSOR_001,5664.449538582374,772.8161683526587,149,True,Zone_Echo
1641019920000,SENSOR_008,3131.0024382664506,-372.89432025679673,-4747,False,Zone_Echo
1641019980000,SENSOR_004,-2875.821800020415,439.63800211897797,-3094,False,Zone_Echo
1641020040000,SENSOR_010,-8236.366570985347,399.06540923103034,5449,True,Zone_Echo
1641020100000,SENSOR_003,-5286.651337639312,-813.9652199832499,-1962,False,Zone_Delta
1641020160000,SENSOR_006,9703.568088803419,685.1122181166716,-2833,False,Zone_Echo
1641020220000,SENSOR_007,-1752.1972806284666,369.51499138705844,5175,True,Zone_Charlie
1641020280000,SENSOR_009,2434.104737092881,209.623659685333,6057,False,Zone_Charlie
1641020340000,SENSOR_003,-7805.512905523527,-260.3637659022751,-9211,False,Zone_Delta
1641020400000,SENSOR_008,4687.11550482749,-639.5558973333386,-4045,False,Zone_Alpha
1641020460000,SENSOR_006,-2913.0204767429295,-376.47592043985935,9115,False,Zone_Charlie
1641020520000,SENSOR_005,6201.016078807197,-590.0653719516515,-7027,True,Zone_Echo
1641020580000,SENSOR_005,-1682.604841900422,-866.9756591381644,-6074,True,Zone_Delta
1641020640000,SENSOR_005,-4757.436186002653,991.3698647123958,6288,True,Zone_Alpha
1641020700000,SENSOR_009,-7602.698348504466,-880.3926301826117,7404,True,Zone_Charlie
1641020760000,SENSOR_001,2200.6416835827076,-928.856996761118,5773,True,Zone_Alpha
1641020820000,SENSOR_001,4158.33619944199,831.4183359898609,-6863,False,Zone_Bravo
1641020880000,SENSOR_005,4341.16715474493,451.19095837642067,4532,False,Zone_Alpha
1641020940000,SENSOR_005,9099.75419543057,-242.84230379852704,8035,True,Zone_Bravo
1641021000000,SENSOR_008,4399.864900190416,-260.3884566091632,9450,True,Zone_Alpha
1641021060000,SENSOR_009,6140.065412068412,736.7465435261859,-482,True,Zone_Alpha
1641021120000,SENSOR_001,-4581.587252416181,-216.24669537823024,-1938,True,Zone_Echo
1641021180000,SENSOR_005,9679.885894950035,-752.0057871412951,2659,False,Zone_Delta
1641021240000,SENSOR_006,960.1187040358855,612.9757479481034,7273,False,Zone_Bravo
1641021300000,SENSOR_005,2945.5064821544092,-972.4731812311283,4795,True,Zone_Alpha
1641021360000,SENSOR_004,1390.3785750279258,-670.2915358525943,-9739,False,Zone_Bravo
1641021420000,SENSOR_007,7584.301431096195,415.95371302387434,-7773,True,Zone_Charlie
1641021480000,SENSOR_007,-1605.7203123252093,-155.2177698976975,-4862,True,Zone_Bravo
1641021540000,SENSOR_006,9517.910360233436,-932.3632539539335,-7230,True,Zone_Echo
1641021600000,SENSOR_010,-1992.5101630675226,-579.7664575296083,-7464,True,Zone_Charlie
1641021660000,SENSOR_007,-7839.192094410534,854.0980932807313,-4330,True,Zone_Echo
1641021720000,SENSOR_007,-9731.183755683707,656.5934172040713,-1900,False,Zone_Alpha
1641021780000,SENSOR_003,-2500.587151994713,332.82410121733847,-9956,False,Zone_Charlie
1641021840000,SENSOR_004,5859.949192436825,43.64557351113103,-5999,False,Zone_Alpha
1641021900000,SENSOR_005,8254.353433950702,257.6121519962667,7103,True,Zone_Bravo
1641021960000,SENSOR_003,9108.829280116097,510.47276345111936,-6048,True,Zone_Charlie
1641022020000,SENSOR_009,-2280.030503215433,-822.7606275603104,-1631,False,Zone_Delta
1641022080000,SENSOR_010,-1047.711771359427,517.4947863214143,4831,True,Zone_Charlie
1641022140000,SENSOR_006,-7556.758143135023,-252.0552783293051,-4932,True,Zone_Echo
1641022200000,SENSOR_002,3256.552985226357,-974.7348998879557,-592,True,Zone_Delta
1641022260000,SENSOR_005,9814.8831874493,465.4825655806487,7772,False,Zone_Echo
1641022320000,SENSOR_005,1703.2399198718194,-540.1570762945112,-922,False,Zone_Bravo
1641022380000,SENSOR_008,2681.446583134648,-199.89438686728397,1242,False,Zone_Echo
1641022440000,SENSOR_009,9102.238466389757,372.2774166338395,7323,False,Zone_Bravo
1641022500000,SENSOR_005,8125.078116789373,302.7734348836366,-4630,True,Zone_Delta
1641022560000,SENSOR_001,9195.590032091113,990.4191391159998,7541,True,Zone_Charlie
1641022620000,SENSOR_010,-8627.449135518647,56.70025557841063,3687,True,Zone_Delta
1641022680000,SENSOR_009,5687.588955163983,674.7754549207302,-3187,True,Zone_Bravo
1641022740000,SENSOR_006,-546.645272499125,-212.59281867900518,7408,False,Zone_Bravo
1641022800000,SENSOR_010,6831.348651204673,230.35550929575243,-7119,True,Zone_Delta
1641022860000,SENSOR_009,-2874.021091498713,-913.8893367760612,-896,True,Zone_Echo
1641022920000,SENSOR_007,9344.79470211119,758.8530158018561,-1734,False,Zone_Delta
1641022980000,SENSOR_009,1432.130527192916,-934.6886863490778,-4756,False,Zone_Alpha
1641023040000,SENSOR_008,-4976.060744668655,-921.1836912562887,8855,True,Zone_Bravo
1641023100000,SENSOR_007,1826.7919201758668,-235.03446709834373,6317,False,Zone_Charlie
1641023160000,SENSOR_004,-4068.6607894401413,699.1596555368185,-1049,True,Zone_Bravo
1641023220000,SENSOR_002,8044.064526945418,-108.13603271870397,2274,False,Zone_Echo
1641023280000,SENSOR_007,-9562.466932612433,-925.8801718813845,9573,True,Zone_Bravo
1641023340000,SENSOR_006,-6817.133862445235,-698.4662458081679,-8031,False,Zone_Charlie
1641023400000,SENSOR_003,4382.872719970028,683.6006555320753,4226,False,Zone_Charlie
1641023460000,SENSOR_009,9744.712605071487,92.93406986235868,-149,True,Zone_Bravo
1641023520000,SENSOR_004,8426.524316990337,697.7166703180901,8581,True,Zone_Alpha
1641023580000,SENSOR_009,-4413.8050262138195,413.68809394339746,6361,True,Zone_Alpha
1641023640000,SENSOR_003,-5657.883137045643,542.7277980897263,-519,False,Zone_Alpha
1641023700000,SENSOR_010,-448.7537809265759,-58.32768627155008,859,True,Zone_Bravo
1641023760000,SENSOR_008,-3165.4373874836247,-451.4578741241535,-1381,False,Zone_Bravo
1641023820000,SENSOR_005,-875.0343075310357,-828.6463373071167,373,True,Zone_Echo
1641023880000,SENSOR_010,-8214.33419728032,158.2057153662738,7449,True,Zone_Echo
1641023940000,SENSOR_008,5947.4954904223,-169.45327562099294,-6268,True,Zone_Alpha
1641024000000,SENSOR_008,2408.3351946685198,-530.0750597061003,-2972,True,Zone_Charlie
1641024060000,SENSOR_006,-864.7525475077528,-709.742165856233,201,True,Zone_Delta
1641024120000,SENSOR_002,-1582.1616987069337,855.3781571099692,-853,True,Zone_Delta
1641024180000,SENSOR_004,-5836.638763464541,473.6053610409847,-6454,False,Zone_Echo
1641024240000,SENSOR_009,6595.079433876515,704.4858844719547,5825,True,Zone_Bravo
1641024300000,SENSOR_006,-5768.267450974207,489.2181954897774,3681,True,Zone_Bravo
1641024360000,SENSOR_007,-5342.928427658513,592.9271517202146,6295,False,Zone_Delta
1641024420000,SENSOR_002,6918.504264737883,-391.0257075787953,-6501,False,Zone_Delta
1641024480000,SENSOR_008,-5597.989631554945,551.7820582031336,5857,True,Zone_Bravo
1641024540000,SENSOR_002,-3578.1485295084867,-738.3724047163049,-5397,False,Zone_Alpha
1641024600000,SENSOR_006,-5198.46987244158,-682.966236648231,2094,True,Zone_Delta
1641024660000,SENSOR_005,-7506.170743423241,790.988452879792,7568,False,Zone_Charlie
1641024720000,SENSOR_003,5657.299486385269,-707.0665491167276,-8652,False,Zone_Echo
1641024780000,SENSOR_004,582.9719633185705,71.75575450011979,-862,False,Zone_Alpha
1641024840000,SENSOR_010,-8835.645887983821,-467.7002812441442,3304,True,Zone_Bravo
1641024900000,SENSOR_005,7815.488260767121,-519.1916076636301,-95,True,Zone_Echo
1641024960000,SENSOR_008,9036.732985190865,-416.2320312810075,-7331,False,Zone_Bravo
1641025020000,SENSOR_007,2043.5630442335078,380.77095440957464,3106,True,Zone_Alpha
1641025080000,SENSOR_003,-6149.912436439074,460.24690600329154,-449,False,Zone_Delta
1641025140000,SENSOR_009,75.61118347713636,-95.70443665408891,-6024,True,Zone_Alpha
1641025200000,SENSOR_008,1105.8060748847147,950.9512052999626,-5967,False,Zone_Bravo
1641025260000,SENSOR_006,5294.735632003072,207.02073906706096,-5162,True,Zone_Echo
1641025320000,SENSOR_009,-9019.728484813979,576.4483804953047,3797,True,Zone_Charlie
1641025380000,SENSOR_001,1401.9275112230735,-344.65365566894195,4081,False,Zone_Alpha
1641025440000,SENSOR_002,2537.258587761744,-91.60588935384692,6448,False,Zone_Delta
1641025500000,SENSOR_005,-4923.302918374237,699.410317159879,-5863,True,Zone_Delta
1641025560000,SENSOR_002,4982.076669932734,-895.0133548694141,4146,True,Zone_Delta
1641025620000,SENSOR_006,593.04893355266,634.8906746748758,5824,False,Zone_Charlie
1641025680000,SENSOR_003,1570.4123458530066,-618.0728061659147,-8000,False,Zone_Alpha
1641025740000,SENSOR_010,186.35704724663447,972.8851485832763,-3158,False,Zone_Bravo
1641025800000,SENSOR_006,-2060.1181440640003,553.6907866235351,-2326,True,Zone_Delta
1641025860000,SENSOR_003,-7482.677085026497,720.5092060575707,-6990,False,Zone_Alpha
1641025920000,SENSOR_004,-4824.016573382221,-169.8364668384445,-94,True,Zone_Alpha
1641025980000,SENSOR_008,-1216.6205892125545,-660.7156959366976,5009,True,Zone_Bravo
1641026040000,SENSOR_007,2209.8139744548425,-101.42234969332912,3172,False,Zone_Charlie
1641026100000,SENSOR_001,9574.996883135067,-636.5663227272557,-5749,True,Zone_Delta
1641026160000,SENSOR_005,820.3605304344055,874.2698164196404,1680,False,Zone_Bravo
1641026220000,SENSOR_002,-3714.557608114579,692.2137373945161,-4668,True,Zone_Alpha
1641026280000,SENSOR_008,-5490.756919356428,-254.1566483879625,8706,False,Zone_Echo
1641026340000,SENSOR_010,1135.2021530696402,776.6359696560896,8604,False,Zone_Bravo
1641026400000,SENSOR_003,-2517.8855048836394,450.60297335414975,8764,False,Zone_Bravo
1641026460000,SENSOR_010,6366.16223470867,-59.02064027215715,-4398,False,Zone_Alpha
1641026520000,SENSOR_010,-368.0525246181478,-815.6090967218253,199,True,Zone_Delta
1641026580000,SENSOR_007,9852.754349387462,-805.871548603092,5867,True,Zone_Echo
1641026640000,SENSOR_004,-3431.0125844235563,-742.0748722583281,2814,False,Zone_Delta
1641026700000,SENSOR_004,8425.067120390457,-46.046541055296984,-3038,False,Zone_Echo
1641026760000,SENSOR_008,4224.96376669884,927.9996816997875,-1032,True,Zone_Echo
1641026820000,SENSOR_010,-6244.072319263601,876.6742830975791,-2266,False,Zone_Alpha
1641026880000,SENSOR_003,3693.7246430175983,501.4536921891454,-8980,False,Zone_Alpha
1641026940000,SENSOR_003,-2480.7066681899805,777.6006528899416,7231,True,Zone_Echo
1641027000000,SENSOR_002,4235.671957169321,-756.5719134800411,-3958,False,Zone_Delta
1641027060000,SENSOR_007,-2299.1147723988224,-547.7820372345295,3071,False,Zone_Delta
1641027120000,SENSOR_001,9505.977454959495,-710.9247714103221,5589,False,Zone_Delta
1641027180000,SENSOR_009,-3551.56335183761,-284.9050108712414,6015,True,Zone_Delta
1641027240000,SENSOR_006,3850.8186490259213,-917.0540006556125,-6886,True,Zone_Delta
1641027300000,SENSOR_007,8603.867682945187,-474.06394649033405,-8535,True,Zone_Echo
1641027360000,SENSOR_005,6870.834553645902,-134.3189547848591,9226,False,Zone_Alpha
1641027420000,SENSOR_004,-6695.245179521458,437.34361087194293,6821,False,Zone_Charlie
1641027480000,SENSOR_001,4253.109662873505,792.2889151534391,-3406,False,Zone_Alpha
1641027540000,SENSOR_006,-9310.069955728839,589.4791342851297,9005,True,Zone_Alpha
1641027600000,SENSOR_010,-2426.4110479938727,-294.0725152482579,4273,False,Zone_Bravo
1641027660000,SENSOR_006,9165.131739135151,-535.5539082918485,-5557,True,Zone_Bravo
1641027720000,SENSOR_003,3298.069586728834,-224.1136150032994,1868,True,Zone_Echo
1641027780000,SENSOR_009,9471.499309146515,712.5219787423171,-3114,True,Zone_Bravo
1641027840000,SENSOR_007,8943.159397964839,-231.94207455479182,7457,True,Zone_Echo
1641027900000,SENSOR_006,6685.455675846719,38.18770367811612,-9503,True,Zone_Bravo
1641027960000,SENSOR_002,445.7764052366656,796.8676100055252,-3181,False,Zone_Bravo
1641028020000,SENSOR_001,2110.453743887714,-812.3862703742273,8646,False,Zone_Delta
1641028080000,SENSOR_009,7735.643629645525,-402.7691277225673,-3972,True,Zone_Echo
1641028140000,SENSOR_006,9152.577409011923,-830.0623700190788,-9972,False,Zone_Delta
1641028200000,SENSOR_006,-1596.6634128269434,-229.61200495005824,3459,True,Zone_Echo
1641028260000,SENSOR_004,-4183.278868862326,-42.25900400188618,-4773,True,Zone_Echo
1641028320000,SENSOR_008,1025.8746130951185,94.23119881736443,-4675,False,Zone_Echo
1641028380000,SENSOR_002,7264.592639793489,-834.5803964903487,1315,True,Zone_Bravo
1641028440000,SENSOR_007,-7985.277313260548,37.68335675475669,1571,True,Zone_Delta
1641028500000,SENSOR_006,9413.898338030333,-483.3715331844037,5337,True,Zone_Echo
1641028560000,SENSOR_002,9369.47712035623,-821.4534470764974,-1291,True,Zone_Bravo
1641028620000,SENSOR_010,7797.114659413794,183.226501083293,-5432,True,Zone_Bravo
1641028680000,SENSOR_004,1402.3900070485834,80.77953524941313,-1041,True,Zone_Charlie
1641028740000,SENSOR_004,-3870.8628077576577,793.204034192986,5335,True,Zone_Delta
1641028800000,SENSOR_010,-1260.139810486051,-643.3308359923478,-659,False,Zone_Alpha
1641028860000,SENSOR_002,3690.9816173636045,-117.60688603058213,-442,True,Zone_Bravo
1641028920000,SENSOR_004,-1236.6867154266783,-761.0676710512414,-4376,False,Zone_Delta
1641028980000,SENSOR_002,5875.417402130111,-195.63442365528067,-244,True,Zone_Bravo
1641029040000,SENSOR_004,4644.997573383951,136.63666126720477,-7980,False,Zone_Delta
1641029100000,SENSOR_002,4299.228006533371,343.5305906055419,-2868,True,Zone_Alpha
1641029160000,SENSOR_010,6978.507628278156,-695.0975161125015,-3723,True,Zone_Echo
1641029220000,SENSOR_005,-2458.2469765974847,814.7777108729952,9716,False,Zone_Alpha
1641029280000,SENSOR_002,6349.76482086635,425.9650107317739,-9360,False,Zone_Echo
1641029340000,SENSOR_004,-1567.4861737123847,-569.0220902298154,-9492,True,Zone_Delta
1641029400000,SENSOR_009,-9114.219818817852,-449.60188572573975,313,True,Zone_Delta
1641029460000,SENSOR_002,248.95986653369073,-843.2443267145884,9362,True,Zone_Charlie
1641029520000,SENSOR_005,-7956.928014496782,-445.1115669668833,-3918,True,Zone_Delta
1641029580000,SENSOR_001,9257.036301490636,-2.554544661506725,-2988,True,Zone_Delta
1641029640000,SENSOR_005,9806.80025955538,-679.3155302047029,-5826,False,Zone_Echo
1641029700000,SENSOR_005,-3895.8529086142216,-408.98263995444336,-6303,True,Zone_Bravo
1641029760000,SENSOR_001,-6466.115872488364,-664.0860035705842,-4707,True,Zone_Delta
1641029820000,SENSOR_004,2477.8838364588228,-528.9479370231163,8485,True,Zone_Delta
1641029880000,SENSOR_010,9456.798193527025,-107.21883956205386,-6995,False,Zone_Bravo
1641029940000,SENSOR_008,-8559.911337584454,107.91569626087426,8227,False,Zone_Charlie
1641030000000,SENSOR_003,-7282.477015866934,312.84004385030744,1454,True,Zone_Echo
1641030060000,SENSOR_007,1533.273009489516,135.40224924060476,3765,False,Zone_Bravo
1641030120000,SENSOR_009,1617.7027270745348,-105.35707390480286,5790,False,Zone_Echo
1641030180000,SENSOR_008,-4296.855575034535,318.9305631418499,-8906,False,Zone_Charlie
1641030240000,SENSOR_007,-8439.540118202664,757.8762201729498,-9517,False,Zone_Echo
1641030300000,SENSOR_007,804.934260946542,900.4959792166446,-6434,True,Zone_Echo
1641030360000,SENSOR_009,3771.8365897566364,-189.64525311788475,3304,True,Zone_Delta
1641030420000,SENSOR_007,5538.07453521945,447.4374110601848,1613,False,Zone_Delta
1641030480000,SENSOR_010,-6935.593415840467,-153.52217517777092,-3950,True,Zone_Echo
1641030540000,SENSOR_009,-4243.65723318791,-507.8743173954481,8028,True,Zone_Delta
1641030600000,SENSOR_009,4226.059405047725,203.23258234520426,-1642,False,Zone_Echo
1641030660000,SENSOR_010,-4649.522589126296,-956.0616447323746,7288,False,Zone_Bravo
1641030720000,SENSOR_002,-823.2550770107646,-142.84508477136205,-2513,True,Zone_Alpha
1641030780000,SENSOR_009,-6237.271570598739,482.96464123916826,1213,False,Zone_Delta
1641030840000,SENSOR_005,-1757.479903458623,-692.393847831964,7016,False,Zone_Bravo
1641030900000,SENSOR_002,1546.7009755451345,-949.9978980323893,-1209,True,Zone_Delta
1641030960000,SENSOR_003,7357.875144840527,-618.6630174559906,5019,False,Zone_Delta
1641031020000,SENSOR_001,7870.574437363182,-467.5727085734327,7887,True,Zone_Charlie
1641031080000,SENSOR_001,-6807.239468191809,-967.367192671434,-2005,False,Zone_Charlie
1641031140000,SENSOR_004,-1111.4472872662227,-627.1271154130511,-7616,False,Zone_Charlie
1641031200000,SENSOR_009,-5222.646405166769,274.5987998029516,6956,False,Zone_Delta
1641031260000,SENSOR_005,2065.346662379985,-282.60330402194177,-5010,False,Zone_Delta
1641031320000,SENSOR_003,-2049.75668145285,269.6026475606675,4403,False,Zone_Delta
1641031380000,SENSOR_003,-7368.986426576108,-179.10743939620352,2859,True,Zone_Delta
1641031440000,SENSOR_010,7808.592613658533,-259.7178425976963,9994,True,Zone_Charlie
1641031500000,SENSOR_010,-7291.503854812254,140.44592346953482,7583,False,Zone_Delta
1641031560000,SENSOR_004,2552.0239821596533,155.82625684106256,7945,False,Zone_Bravo
1641031620000,SENSOR_010,-8808.023059003632,118.57188842684423,8755,False,Zone_Alpha
1641031680000,SENSOR_006,3581.231435659138,-535.0928917118902,-1241,False,Zone_Charlie
1641031740000,SENSOR_003,5422.104619192038,-669.2087111780962,-439,True,Zone_Echo
1641031800000,SENSOR_005,1317.164469584326,-385.5582253236631,-5792,True,Zone_Echo
1641031860000,SENSOR_006,5509.455300206371,378.440593877388,-1809,False,Zone_Charlie
1641031920000,SENSOR_010,-9623.262579877577,187.01461575925327,6519,False,Zone_Alpha
1641031980000,SENSOR_002,-1992.761817112043,-69.2931202220019,2740,True,Zone_Alpha
1641032040000,SENSOR_005,1081.3065012701536,-541.9704912116015,5213,False,Zone_Charlie
1641032100000,SENSOR_002,-9662.805469001773,-496.787049633695,6181,True,Zone_Charlie
1641032160000,SENSOR_002,7188.181423852191,-221.78564815627476,-2593,False,Zone_Charlie
1641032220000,SENSOR_003,-1864.0298385144179,853.5264223022041,-6307,True,Zone_Charlie
1641032280000,SENSOR_002,-9226.972996045848,452.1632661586341,8662,True,Zone_Echo
1641032340000,SENSOR_007,-3899.326199934463,-958.1275825559387,1779,False,Zone_Alpha
1641032400000,SENSOR_005,2729.554013332283,192.37792255983345,-3861,False,Zone_Bravo
1641032460000,SENSOR_005,-3301.947020049359,895.3182084988252,-8519,False,Zone_Delta
1641032520000,SENSOR_010,6806.607698025349,-940.9549304365006,-2629,True,Zone_Alpha
1641032580000,SENSOR_001,8953.76658768356,-924.520467721594,8445,False,Zone_Alpha
1641032640000,SENSOR_009,7293.138870704053,-697.6458010436577,2291,False,Zone_Echo
1641032700000,SENSOR_005,9347.746065770836,956.5793445970844,-6591,False,Zone_Delta
1641032760000,SENSOR_002,-9633.890787131417,156.4069134924241,-1720,True,Zone_Echo
1641032820000,SENSOR_005,212.14666098480302,818.2135583233564,148,False,Zone_Alpha
1641032880000,SENSOR_004,9834.768818365777,625.4076767593547,-4492,True,Zone_Alpha
1641032940000,SENSOR_010,2679.5417174664635,-960.5900763721597,-3038,True,Zone_Delta
1641033000000,SENSOR_003,-7868.1251175663165,-999.2786929476327,-4750,False,Zone_Alpha
1641033060000,SENSOR_006,-9537.696031484229,465.50893671928475,1718,False,Zone_Alpha
1641033120000,SENSOR_006,2095.049364453558,-195.90383521268518,-5196,False,Zone_Bravo
1641033180000,SENSOR_005,-5763.236202541695,-609.9603223893564,-2494,False,Zone_Charlie
1641033240000,SENSOR_005,7613.626041012267,-219.4711289420161,-1152,True,Zone_Charlie
1641033300000,SENSOR_010,-2476.6160723754174,-776.7230261532839,7477,False,Zone_Charlie
1641033360000,SENSOR_007,177.46100890899288,324.4690321930077,-3448,False,Zone_Delta
1641033420000,SENSOR_005,-6227.090414095568,743.9588662734704,-604,False,Zone_Alpha
1641033480000,SENSOR_003,-72.44312729550256,186.39569746950497,-6413,False,Zone_Charlie
1641033540000,SENSOR_010,7572.944581662341,563.5771506655926,7042,True,Zone_Delta
1641033600000,SENSOR_004,-4160.259734242783,-918.983792725959,1461,True,Zone_Echo
1641033660000,SENSOR_004,-3650.234754291934,997.5539103951255,7420,False,Zone_Delta
1641033720000,SENSOR_008,4118.940840071073,-855.250487018189,6408,False,Zone_Delta
1641033780000,SENSOR_002,-7887.254055677273,-19.425117590748528,6233,False,Zone_Delta
1641033840000,SENSOR_001,3425.7936511493845,659.7959553612659,1428,True,Zone_Bravo
1641033900000,SENSOR_009,-7244.505333601199,23.427187548713277,-247,True,Zone_Delta
1641033960000,SENSOR_005,-4079.720844163646,102.756634973367,-3842,True,Zone_Bravo
1641034020000,SENSOR_001,-3535.632488532896,129.56290247102243,-5135,False,Zone_Charlie
1641034080000,SENSOR_004,7584.6841161729535,478.32355845272514,-3694,False,Zone_Alpha
1641034140000,SENSOR_006,6120.053677879505,562.4810171622778,-3443,True,Zone_Charlie
1641034200000,SENSOR_006,8172.464247387961,159.9746585903672,3322,True,Zone_Echo
1641034260000,SENSOR_008,-6582.099556869569,402.3245429325859,-2790,True,Zone_Charlie
1641034320000,SENSOR_010,-2523.974984348043,762.8150580956778,-2108,True,Zone_Bravo
1641034380000,SENSOR_004,-3792.3428740544177,75.42322943292538,1793,True,Zone_Bravo
1641034440000,SENSOR_010,-8722.859308279469,191.03828567091364,-8186,False,Zone_Bravo
1641034500000,SENSOR_002,4268.942130784468,979.2869777961203,-6124,True,Zone_Charlie
1641034560000,SENSOR_010,5393.862713058874,-170.92304052785585,-424,False,Zone_Bravo
1641034620000,SENSOR_008,-6794.319612094923,255.95315999546574,-2151,False,Zone_Bravo
1641034680000,SENSOR_009,1622.9462432379878,-88.04107949199567,3913,False,Zone_Bravo
1641034740000,SENSOR_005,4861.497770651524,-38.602900623339224,-4320,False,Zone_Charlie
1641034800000,SENSOR_007,7935.325246718978,962.3428602458832,8594,True,Zone_Bravo
1641034860000,SENSOR_008,-9210.122904405607,-294.51222147493627,2012,True,Zone_Delta
1641034920000,SENSOR_003,-5536.518671061217,-495.9111521094957,519,False,Zone_Bravo
1641034980000,SENSOR_006,3233.174635463656,343.4533907769585,556,True,Zone_Charlie
1641035040000,SENSOR_009,-4843.506171829377,479.739886177023,9145,True,Zone_Charlie
1641035100000,SENSOR_008,3385.4130112305247,-698.115799264544,-5995,False,Zone_Charlie
1641035160000,SENSOR_006,3030.810863138011,-753.1834676871724,-1401,True,Zone_Bravo
1641035220000,SENSOR_007,-7497.118885740349,-305.50618870415053,1640,True,Zone_Alpha
1641035280000,SENSOR_001,-758.2015579777526,239.50991023764254,-5429,True,Zone_Echo
1641035340000,SENSOR_007,-8807.997038950996,-890.7220993020675,661,True,Zone_Bravo
1641035400000,SENSOR_006,-6505.3557824251575,-459.34284914858335,6269,True,Zone_Echo
1641035460000,SENSOR_006,-5317.371189854339,380.74818743617834,-2823,False,Zone_Charlie
1641035520000,SENSOR_006,7703.394719331594,653.9381065911978,-2941,True,Zone_Charlie
1641035580000,SENSOR_007,5840.084495330504,-42.91678243533602,-9071,False,Zone_Charlie
1641035640000,SENSOR_002,-6886.497579573343,-437.6607964783932,-2516,False,Zone_Delta
1641035700000,SENSOR_010,-786.3697987063842,203.50611325008003,5748,False,Zone_Alpha
1641035760000,SENSOR_009,-4560.717670049803,-71.44649629560047,4826,True,Zone_Alpha
1641035820000,SENSOR_007,9019.099588533016,167.50050494526863,-7351,False,Zone_Alpha
1641035880000,SENSOR_008,-7050.874570138525,373.68126620781345,9148,False,Zone_Bravo
1641035940000,SENSOR_002,7940.066813132089,-942.0315512021272,-7972,False,Zone_Delta
1641036000000,SENSOR_010,-1893.011021764606,-936.3470624005879,6184,True,Zone_Bravo
1641036060000,SENSOR_003,243.65424966926912,182.40221188551413,4428,True,Zone_Charlie
1641036120000,SENSOR_008,5061.788731023371,-0.9298925105334774,1814,True,Zone_Alpha
1641036180000,SENSOR_009,-9335.99574625698,760.9479213999098,9724,True,Zone_Charlie
1641036240000,SENSOR_002,-2034.0631268321795,569.7554358839025,9541,True,Zone_Charlie
1641036300000,SENSOR_002,2108.9228512761274,971.1589310512227,-4789,True,Zone_Bravo
1641036360000,SENSOR_010,-7704.438766104784,-186.56859517406917,-1276,False,Zone_Bravo
1641036420000,SENSOR_006,5019.211911614215,578.8502209675105,5868,False,Zone_Bravo
1641036480000,SENSOR_007,8754.368807858227,575.3821518340164,5550,True,Zone_Bravo
1641036540000,SENSOR_003,2055.6343134565177,-944.4716295699586,7009,True,Zone_Echo
1641036600000,SENSOR_008,-4025.0480575931324,752.8439613394587,3938,True,Zone_Alpha
1641036660000,SENSOR_007,8454.320420680502,-429.6619645933282,-7527,True,Zone_Delta
1641036720000,SENSOR_009,3064.2898418780514,-561.714336067512,-6003,False,Zone_Bravo
1641036780000,SENSOR_008,-5658.49244488527,-552.0464730325414,8286,True,Zone_Bravo
1641036840000,SENSOR_003,4838.716011781771,-993.7145194485364,655,True,Zone_Bravo
1641036900000,SENSOR_010,-5589.775064379701,-307.4339406982549,-5564,False,Zone_Bravo
1641036960000,SENSOR_007,5452.143627835621,620.7155612941083,-7618,False,Zone_Charlie
1641037020000,SENSOR_002,1733.993517468447,945.9391167155895,173,False,Zone_Alpha
1641037080000,SENSOR_002,-1909.685782048522,-812.0163720024698,640,True,Zone_Charlie
1641037140000,SENSOR_007,-6720.708117058761,-610.0623201980244,8352,True,Zone_Delta
1641037200000,SENSOR_010,-6610.9756076725425,601.0761669294902,-1501,True,Zone_Alpha
1641037260000,SENSOR_008,-633.2375778584992,253.69981716767734,-7736,False,Zone_Echo
1641037320000,SENSOR_003,3046.6974274202566,582.5948578095195,7875,False,Zone_Bravo
1641037380000,SENSOR_004,8356.440586684745,958.8567102301281,9342,False,Zone_Bravo
1641037440000,SENSOR_004,4894.805489288603,-529.8604047928591,2264,False,Zone_Echo
1641037500000,SENSOR_004,2016.212405557826,-25.913504614614,7950,True,Zone_Echo
1641037560000,SENSOR_008,-8295.881200376121,-907.2684513367482,7902,True,Zone_Alpha
1641037620000,SENSOR_003,7266.13719681184,-471.31919979902784,-6047,True,Zone_Bravo
1641037680000,SENSOR_009,-6507.132034954795,452.7444383923232,-9819,True,Zone_Alpha
1641037740000,SENSOR_001,4967.347241021098,141.60433431974502,-959,True,Zone_Charlie
1641037800000,SENSOR_007,-3413.4783286518596,883.1291256642869,7786,True,Zone_Charlie
1641037860000,SENSOR_002,-4015.802162396658,71.96594192199223,-593,False,Zone_Bravo
1641037920000,SENSOR_010,-8748.92573777764,118.10787378119903,-2917,True,Zone_Echo
1641037980000,SENSOR_007,-1411.216073425032,-989.5686651915862,6709,False,Zone_Alpha
1641038040000,SENSOR_007,-7608.004828623449,-224.35285530089982,2847,True,Zone_Echo
1641038100000,SENSOR_009,-6400.481243898408,-938.2746589925879,1925,True,Zone_Bravo
1641038160000,SENSOR_008,9926.06820264248,142.59362766506,-2733,False,Zone_Charlie
1641038220000,SENSOR_001,-9494.313147188062,247.81448184959618,-7769,False,Zone_Echo
1641038280000,SENSOR_001,7072.027660413445,558.8877829478663,-3277,False,Zone_Delta
1641038340000,SENSOR_004,-7584.541620775039,905.7671677690171,-4976,False,Zone_Alpha
1641038400000,SENSOR_005,2355.1697588784846,69.5966207563165,-456,False,Zone_Delta
1641038460000,SENSOR_002,-8432.369967386552,17.47940598816581,-8982,False,Zone_Alpha
1641038520000,SENSOR_006,-8878.72887474531,-177.79667635594706,3106,False,Zone_Charlie
1641038580000,SENSOR_009,-2530.4535276349634,951.8626623989674,-9607,True,Zone_Charlie
1641038640000,SENSOR_001,7033.358120922487,833.7004288578371,5826,True,Zone_Charlie
1641038700000,SENSOR_006,460.98163141286204,912.3906546397998,-3419,True,Zone_Delta
1641038760000,SENSOR_004,3916.0739214283676,950.5429587590309,-3862,False,Zone_Echo
1641038820000,SENSOR_001,-8583.717518132695,-256.115376688673,-4475,True,Zone_Alpha
1641038880000,SENSOR_005,-317.0698352416566,298.9008476892395,-6907,False,Zone_Alpha
1641038940000,SENSOR_009,-4555.851687873689,-482.7499135873097,1495,True,Zone_Echo
1641039000000,SENSOR_009,4398.605052634659,379.0159510900628,492,True,Zone_Charlie
1641039060000,SENSOR_009,-8586.567637592721,444.93611789681086,3918,False,Zone_Echo
1641039120000,SENSOR_007,4113.109260076715,775.1654240670873,-7380,True,Zone_Delta
1641039180000,SENSOR_009,9470.417974526274,316.11466221626574,-7672,False,Zone_Delta
1641039240000,SENSOR_004,-472.23742707743986,-558.4684344703435,3967,True,Zone_Charlie
1641039300000,SENSOR_001,8296.894741716333,565.0893275561639,-2655,False,Zone_Delta
1641039360000,SENSOR_008,9942.517469835584,-634.1046793259673,-5983,False,Zone_Charlie
1641039420000,SENSOR_005,2541.590756744714,115.93816058477364,-6412,False,Zone_Delta
1641039480000,SENSOR_009,343.48808134134924,282.06668617410446,4623,True,Zone_Charlie
1641039540000,SENSOR_007,-128.57608534290193,-341.5525723393413,6404,True,Zone_Echo
1641039600000,SENSOR_002,24.232407196614076,689.1554271550783,1910,False,Zone_Bravo
1641039660000,SENSOR_003,874.2151942657056,-744.642201629153,3791,True,Zone_Alpha
1641039720000,SENSOR_008,-4394.821209608548,452.60751026285243,7660,False,Zone_Charlie
1641039780000,SENSOR_009,-9409.39481511073,-736.1177105480828,-6358,True,Zone_Charlie
1641039840000,SENSOR_010,7477.492561217725,46.160123351168295,-9345,True,Zone_Bravo
1641039900000,SENSOR_006,6866.883459210429,-795.4488865871315,8013,False,Zone_Delta
1641039960000,SENSOR_001,-4033.6553369772555,-300.461564485405,-669,True,Zone_Alpha
1641040020000,SENSOR_010,2683.346270462578,-184.50710143956474,-7563,False,Zone_Alpha
1641040080000,SENSOR_003,-2221.192293865928,-906.8869761331771,36,True,Zone_Delta
1641040140000,SENSOR_005,6127.389894450887,-414.48271093272206,802,True,Zone_Delta
1641040200000,SENSOR_007,-5396.390353281601,-726.8880133607643,-9127,False,Zone_Alpha
1641040260000,SENSOR_003,-5130.137110870292,768.2678327600356,-5517,True,Zone_Delta
1641040320000,SENSOR_010,-5407.954566532838,134.09137840555832,-3523,False,Zone_Bravo
1641040380000,SENSOR_003,-3352.5930047866277,394.39829832876944,535,True,Zone_Charlie
1641040440000,SENSOR_008,-4967.149145192673,-349.27768637336646,9551,True,Zone_Alpha
1641040500000,SENSOR_009,2909.7186621346646,22.37346667549957,9605,False,Zone_Charlie
1641040560000,SENSOR_009,-9051.876067307783,-712.0670326568037,-2823,True,Zone_Alpha
1641040620000,SENSOR_008,-9893.174814136086,-254.645994056091,4188,False,Zone_Echo
1641040680000,SENSOR_003,2647.5860269918285,-863.5420790831225,-9745,False,Zone_Charlie
1641040740000,SENSOR_003,8724.143014501344,-308.3660115689968,3022,False,Zone_Charlie
1641040800000,SENSOR_009,2381.874227831724,838.7132146811723,-4177,True,Zone_Delta
1641040860000,SENSOR_009,3943.5401150101115,468.61480170904247,4048,False,Zone_Echo
1641040920000,SENSOR_003,-3275.491954551393,-167.63037212604945,2207,True,Zone_Bravo
1641040980000,SENSOR_005,1341.560213331195,731.4845761259533,2380,True,Zone_Charlie
1641041040000,SENSOR_004,-9580.040566491452,534.5527784526564,-1062,True,Zone_Alpha
1641041100000,SENSOR_010,7196.620781063684,-771.9105774646464,-4696,False,Zone_Charlie
1641041160000,SENSOR_010,-5544.407262901929,-374.66757773856466,-2192,True,Zone_Echo
1641041220000,SENSOR_008,3556.631416178687,181.56400803628026,-282,False,Zone_Echo
1641041280000,SENSOR_008,-5032.323249136876,933.0738972899906,-561,True,Zone_Echo
1641041340000,SENSOR_005,6888.070803105529,302.4264992428839,2572,True,Zone_Delta
1641041400000,SENSOR_002,-7117.214925359803,622.4434716380263,3075,False,Zone_Charlie
1641041460000,SENSOR_003,-1586.8570020982988,35.0471947886449,-3569,False,Zone_Echo
1641041520000,SENSOR_009,7191.198160321961,716.2529295519523,-3230,False,Zone_Echo
1641041580000,SENSOR_005,-970.9336313332751,-307.88799132721897,9432,False,Zone_Alpha
1641041640000,SENSOR_007,-2974.960984989896,-707.0075565940474,1055,True,Zone_Echo
1641041700000,SENSOR_007,8072.822756244925,570.9362019130908,-2712,True,Zone_Bravo
1641041760000,SENSOR_008,969.2936554196385,951.0826556823058,959,True,Zone_Delta
1641041820000,SENSOR_006,-7045.243529279565,306.6302107142835,1127,False,Zone_Charlie
1641041880000,SENSOR_010,9434.14672535062,977.5920679472406,5473,False,Zone_Delta
1641041940000,SENSOR_002,3246.565672603425,-763.283070290758,-215,True,Zone_Charlie
1641042000000,SENSOR_007,1953.259846732968,250.5542985141933,1456,False,Zone_Echo
1641042060000,SENSOR_010,-2489.468466847009,507.5984680197075,9446,False,Zone_Alpha
1641042120000,SENSOR_008,7107.569197003559,645.1857913080994,6428,False,Zone_Echo
1641042180000,SENSOR_006,4606.216167471013,690.4458742400784,4462,False,Zone_Alpha
1641042240000,SENSOR_008,-2919.182543481307,573.4908020211244,8014,False,Zone_Echo
1641042300000,SENSOR_006,-4259.68622486089,773.1991805132311,3143,True,Zone_Delta
1641042360000,SENSOR_003,-6145.071202121752,-831.8462908033333,-5845,False,Zone_Echo
1641042420000,SENSOR_010,-3494.2115550346034,123.6998657821432,4928,True,Zone_Charlie
1641042480000,SENSOR_002,-5046.859612796437,-745.5448968690346,9953,True,Zone_Delta
1641042540000,SENSOR_004,-7782.434273966392,509.36385486285326,-863,False,Zone_Charlie
1641042600000,SENSOR_010,911.708590656348,654.955101378179,6845,True,Zone_Alpha
1641042660000,SENSOR_002,9308.783967395942,574.555723305124,-1104,True,Zone_Echo
1641042720000,SENSOR_004,2593.3429242647308,-505.01574741109414,-5556,True,Zone_Delta
1641042780000,SENSOR_010,-2800.2839530336378,-470.80850982513266,164,True,Zone_Alpha
1641042840000,SENSOR_004,1373.5667703184263,321.4458975178975,9025,True,Zone_Bravo
1641042900000,SENSOR_004,-3517.113977160584,305.4690318366654,-6797,False,Zone_Bravo
1641042960000,SENSOR_006,-5859.001793204952,874.4618527753319,8221,False,Zone_Charlie
1641043020000,SENSOR_009,3592.609563906286,-751.8375971100346,8637,True,Zone_Bravo
1641043080000,SENSOR_004,-5205.429447522995,-389.82563280746047,-5872,False,Zone_Echo
1641043140000,SENSOR_007,7316.976776677726,10.946654187272202,5808,True,Zone_Delta
1641043200000,SENSOR_007,-7032.557674970421,952.1606257968735,-5692,False,Zone_Charlie
1641043260000,SENSOR_003,-8320.930561038873,28.48335363848514,9015,True,Zone_Delta
1641043320000,SENSOR_004,-1562.1328511420706,755.5568715470029,-1890,True,Zone_Charlie
1641043380000,SENSOR_004,-9014.494307186835,131.89954884783174,-8080,True,Zone_Bravo
1641043440000,SENSOR_003,-3015.7562100609493,-300.30512539046424,-1176,False,Zone_Charlie
1641043500000,SENSOR_001,7017.776667280126,-315.37043274858024,4586,True,Zone_Alpha
1641043560000,SENSOR_009,-3264.8154845595955,262.5380414188694,486,False,Zone_Echo
1641043620000,SENSOR_004,3476.687023111632,-729.8418117203744,-9480,True,Zone_Echo
1641043680000,SENSOR_003,7310.408140550258,637.5186278322201,690,False,Zone_Echo
1641043740000,SENSOR_008,-17.695797714106448,127.81275553322462,6784,False,Zone_Charlie
1641043800000,SENSOR_009,-6978.616834517699,636.2054688798669,7385,False,Zone_Alpha
1641043860000,SENSOR_009,8446.334401372576,176.62798506986383,-3206,True,Zone_Charlie
1641043920000,SENSOR_003,-8769.383569187252,-131.3029813048472,-8524,True,Zone_Alpha
1641043980000,SENSOR_003,-2768.895474862019,800.2293024462115,-8573,True,Zone_Alpha
1641044040000,SENSOR_006,-1347.7625391267338,-199.13921739358977,9614,False,Zone_Bravo
1641044100000,SENSOR_001,-3536.999471776483,785.0613668598371,4572,False,Zone_Alpha
1641044160000,SENSOR_003,8562.315059800207,-414.6969029199432,9093,False,Zone_Bravo
1641044220000,SENSOR_004,2308.5447045128476,-591.2249765504955,6330,False,Zone_Delta
1641044280000,SENSOR_010,-7491.496509534379,215.345675730332,-9950,True,Zone_Echo
1641044340000,SENSOR_010,7675.322778210422,614.490189068563,-2759,False,Zone_Charlie
1641044400000,SENSOR_009,-7851.837287353495,416.08455471084403,7454,True,Zone_Echo
1641044460000,SENSOR_002,6608.536004696765,773.7208874653163,6065,True,Zone_Alpha
1641044520000,SENSOR_007,5612.450014291322,-684.3577856042817,-5521,False,Zone_Charlie
1641044580000,SENSOR_002,-3667.1357129058797,-480.85689547507604,2965,True,Zone_Charlie
1641044640000,SENSOR_010,-6162.809150352339,966.0304446187993,7482,False,Zone_Alpha
1641044700000,SENSOR_001,674.7802587824663,502.6116061440198,1235,True,Zone_Bravo
1641044760000,SENSOR_001,-7669.321215792661,488.9532720605057,3777,False,Zone_Delta
1641044820000,SENSOR_003,7872.29473093641,-867.1046740963999,-5265,True,Zone_Echo
1641044880000,SENSOR_008,-8204.402647184628,-721.3397608391135,9171,True,Zone_Bravo
1641044940000,SENSOR_006,6435.945105730298,706.8978038052815,5987,False,Zone_Alpha
1641045000000,SENSOR_003,-8162.504583550425,-380.51082472884184,9578,False,Zone_Charlie
1641045060000,SENSOR_002,-9673.251559187906,-447.1279558019445,4364,False,Zone_Echo
1641045120000,SENSOR_010,3150.3952420439728,-120.64033407161355,4279,True,Zone_Charlie
1641045180000,SENSOR_003,7387.279082757308,144.80196094204962,-614,False,Zone_Charlie
1641045240000,SENSOR_010,-9495.923327857865,-798.2208801428372,353,False,Zone_Echo
1641045300000,SENSOR_009,4232.7725424075215,65.26347943346195,-4138,True,Zone_Echo
1641045360000,SENSOR_003,1996.1389111905955,-520.3274867968057,-2136,False,Zone_Echo
1641045420000,SENSOR_006,-2766.1717999205894,-616.7747451763612,-8604,True,Zone_Echo
1641045480000,SENSOR_010,7034.124279121937,424.78241604848654,-4450,True,Zone_Alpha
1641045540000,SENSOR_001,-6360.528965567948,550.0551311646605,-8406,True,Zone_Delta
1641045600000,SENSOR_006,-5665.491147736206,-344.17922469690154,4515,True,Zone_Bravo
1641045660000,SENSOR_010,-9699.177288097344,985.1993701713873,-3640,False,Zone_Charlie
1641045720000,SENSOR_010,-1400.1048842629516,855.1394961683991,-2827,False,Zone_Bravo
1641045780000,SENSOR_001,-966.8324408956669,842.4007628406639,4292,True,Zone_Echo
1641045840000,SENSOR_007,-4542.0322807924385,436.36524023446964,1736,False,Zone_Alpha
1641045900000,SENSOR_005,3120.8614275535456,-392.353867616452,6433,False,Zone_Bravo
1641045960000,SENSOR_004,-9736.57621625508,-50.15372014414777,2285,True,Zone_Delta
1641046020000,SENSOR_003,9821.28856390401,-758.9137153169463,-6279,False,Zone_Echo
1641046080000,SENSOR_002,-4621.330154280024,-785.4770986066591,9185,False,Zone_Alpha
1641046140000,SENSOR_006,-7196.7929172474815,169.18958919226134,-4304,False,Zone_Alpha
1641046200000,SENSOR_009,4937.71102398525,-658.4103894099485,-9492,True,Zone_Charlie
1641046260000,SENSOR_010,-3561.5309839723723,-12.42361483014838,4401,True,Zone_Delta
1641046320000,SENSOR_007,1806.3690290833947,-219.79292035162484,-6524,False,Zone_Charlie
1641046380000,SENSOR_010,9694.078158994791,883.694088233641,5365,True,Zone_Echo
1641046440000,SENSOR_002,-7375.667626810628,232.06019260445737,7926,True,Zone_Echo
1641046500000,SENSOR_005,7596.3604776036045,773.7456511310797,4075,True,Zone_Echo
1641046560000,SENSOR_004,-8456.525227318898,-29.776024223107584,3687,True,Zone_Alpha
1641046620000,SENSOR_007,-229.37124721956934,-531.3689499379732,3810,True,Zone_Delta
1641046680000,SENSOR_008,-4706.113152025368,421.74712586592045,992,False,Zone_Alpha
1641046740000,SENSOR_008,5143.095036957633,-758.6525217340308,443,True,Zone_Alpha
1641046800000,SENSOR_007,7992.719781037078,404.9356999097686,-9923,False,Zone_Bravo
1641046860000,SENSOR_004,-9251.729471087154,560.2262718002023,9627,True,Zone_Alpha
1641046920000,SENSOR_005,1182.4774090959854,-512.0601313609448,-4224,False,Zone_Delta
1641046980000,SENSOR_003,4828.179250863033,121.04688891610795,-3992,False,Zone_Alpha
1641047040000,SENSOR_006,5560.571412575668,-533.3015134859836,-9780,False,Zone_Alpha
1641047100000,SENSOR_010,3604.2925608988135,-967.196339254042,9203,False,Zone_Delta
1641047160000,SENSOR_001,8789.09667871868,-251.94384785706438,-7863,False,Zone_Alpha
1641047220000,SENSOR_009,5155.759745744954,545.5219853326537,3111,False,Zone_Charlie
1641047280000,SENSOR_004,697.8647322188572,-245.03058661715136,4611,False,Zone_Echo
1641047340000,SENSOR_009,1755.317306569712,-123.07727974433271,-855,False,Zone_Delta
1641047400000,SENSOR_001,-4973.774191712719,-811.3875408241939,-2687,True,Zone_Alpha
1641047460000,SENSOR_002,8166.295952669148,-376.3442942697923,2069,True,Zone_Charlie
1641047520000,SENSOR_001,-3410.0220260202323,-749.8802292710154,9645,True,Zone_Alpha
1641047580000,SENSOR_005,7961.136176521311,213.0200088679917,-231,True,Zone_Bravo
1641047640000,SENSOR_005,-8410.797771688514,-166.03007465227245,1635,True,Zone_Charlie
1641047700000,SENSOR_009,-3713.9975889461384,-445.54719098481746,-8199,False,Zone_Echo
1641047760000,SENSOR_009,8598.43589657298,-219.63920136779484,7675,False,Zone_Alpha
1641047820000,SENSOR_003,7379.736823942305,89.76543011816557,-7499,False,Zone_Bravo
1641047880000,SENSOR_004,-4061.015854550762,-664.6031845799719,-1430,False,Zone_Delta
1641047940000,SENSOR_004,4163.96306055748,250.42025529510943,1976,True,Zone_Alpha
1641048000000,SENSOR_003,-9844.689938675358,917.2417805155435,-2886,True,Zone_Bravo
1641048060000,SENSOR_004,3211.6190072134013,922.2880898132569,-8365,False,Zone_Alpha
1641048120000,SENSOR_007,5048.339173137449,-276.6995854618965,-6488,True,Zone_Alpha
1641048180000,SENSOR_002,-8437.186908543106,-33.871166680018405,3604,False,Zone_Charlie
1641048240000,SENSOR_003,3806.079673243439,696.8472931885603,-7744,False,Zone_Charlie
1641048300000,SENSOR_002,8620.284289672694,-259.0350381937932,-8266,True,Zone_Delta
1641048360000,SENSOR_003,4296.667329510319,585.932595829832,5101,True,Zone_Echo
1641048420000,SENSOR_001,2133.0009687268084,756.2835832359888,-8359,False,Zone_Bravo
1641048480000,SENSOR_004,-3683.7306685102276,-320.80504006525405,1902,True,Zone_Alpha
1641048540000,SENSOR_005,9836.9528652242,-999.7275788540858,-7040,True,Zone_Alpha
1641048600000,SENSOR_007,6483.608526264383,-123.47550421072742,3065,False,Zone_Bravo
1641048660000,SENSOR_006,5971.583803344791,-14.538412084467154,6284,False,Zone_Charlie
1641048720000,SENSOR_010,385.48009748769437,167.5641160126254,1815,True,Zone_Bravo
1641048780000,SENSOR_009,9434.445885266996,-217.21608407392682,-7178,True,Zone_Echo
1641048840000,SENSOR_004,-8743.401419415844,-968.864088593602,193,True,Zone_Alpha
1641048900000,SENSOR_006,-8160.150218044062,-517.9549685997713,-2971,False,Zone_Charlie
1641048960000,SENSOR_007,-3792.96963541923,-524.7573738383495,5281,False,Zone_Echo
1641049020000,SENSOR_008,-2946.0920924817156,832.897264146929,87,False,Zone_Echo
1641049080000,SENSOR_002,-5480.715807634439,369.5737718234477,9050,False,Zone_Alpha
1641049140000,SENSOR_001,2153.8031195926105,984.5073071211602,5559,False,Zone_Alpha
1641049200000,SENSOR_002,-9896.48365117714,-689.1701946831504,4959,True,Zone_Echo
1641049260000,SENSOR_005,-1179.9786255481886,-273.599155688427,6576,True,Zone_Charlie
1641049320000,SENSOR_003,3420.1105049919333,-43.55077604024666,-1901,False,Zone_Bravo
1641049380000,SENSOR_010,5617.756402152128,57.751313421154464,4809,True,Zone_Charlie
1641049440000,SENSOR_001,-4664.7184821707,-534.3452764974866,7408,False,Zone_Charlie
1641049500000,SENSOR_004,5671.750445294481,829.8083901558152,3620,False,Zone_Bravo
1641049560000,SENSOR_007,-9375.618733468955,940.1701912323185,947,False,Zone_Charlie
1641049620000,SENSOR_006,3462.8294680708077,-801.1690795748754,5786,True,Zone_Charlie
1641049680000,SENSOR_001,838.5846314701867,-961.803354731926,-9459,False,Zone_Bravo
1641049740000,SENSOR_009,3454.7278899689663,-817.8189722445597,4886,False,Zone_Alpha
1641049800000,SENSOR_006,174.33088135927756,510.120274449657,7273,True,Zone_Charlie
1641049860000,SENSOR_009,-84.79822320294261,449.2603612605367,5765,True,Zone_Alpha
1641049920000,SENSOR_001,2124.0385497238185,-149.24897731215344,-2597,True,Zone_Charlie
1641049980000,SENSOR_010,-4151.123451681564,757.1790160382079,7682,True,Zone_Bravo
1641050040000,SENSOR_004,9093.692903737749,-151.24323402778225,2647,False,Zone_Charlie
1641050100000,SENSOR_001,9631.903594734958,75.2729128140486,-5671,True,Zone_Bravo
1641050160000,SENSOR_006,6325.539836525424,-746.7139107058678,7277,True,Zone_Delta
1641050220000,SENSOR_005,-2587.0494985389378,941.0383858049008,9564,True,Zone_Bravo
1641050280000,SENSOR_008,4556.595173977303,-505.13703431527034,5571,True,Zone_Delta
1641050340000,SENSOR_005,-1816.9848919929636,-459.0403200430078,9578,True,Zone_Charlie
1641050400000,SENSOR_005,-8511.254006956186,-52.08424226216789,6764,True,Zone_Charlie
1641050460000,SENSOR_010,9795.042651608324,243.76188523741575,-7678,True,Zone_Bravo
1641050520000,SENSOR_007,-683.4282146958412,363.09867600125017,-426,True,Zone_Charlie
1641050580000,SENSOR_002,7726.828167119769,712.0593563519965,-1144,True,Zone_Charlie
1641050640000,SENSOR_006,-3479.578936450829,-944.6178718484495,8037,True,Zone_Charlie
1641050700000,SENSOR_005,7081.433824748092,474.7727082670717,8185,False,Zone_Echo
1641050760000,SENSOR_007,-7836.745071371216,-961.9517094334868,-9510,True,Zone_Echo
1641050820000,SENSOR_009,5894.049525141931,445.62914203040054,-8621,True,Zone_Alpha
1641050880000,SENSOR_006,1358.7448955835443,802.6924918595719,-830,False,Zone_Bravo
1641050940000,SENSOR_001,-3217.175718594279,-409.064967142466,-5877,True,Zone_Alpha
1641051000000,SENSOR_001,-172.58598967725266,-801.7794242400394,-2634,False,Zone_Charlie
1641051060000,SENSOR_010,6823.761313934767,-246.37208534829892,7182,False,Zone_Alpha
1641051120000,SENSOR_009,9232.76196473256,-174.90570796585894,9590,False,Zone_Delta
1641051180000,SENSOR_010,-3383.194963388516,445.02512887905414,-4059,True,Zone_Charlie
1641051240000,SENSOR_009,2659.4876423888018,365.65292402583987,3554,True,Zone_Delta
1641051300000,SENSOR_002,6452.141070990609,735.8951075461373,-7167,True,Zone_Delta
1641051360000,SENSOR_004,-962.218107549159,-59.41494169887653,7365,False,Zone_Echo
1641051420000,SENSOR_001,-8352.422350981906,411.1179278869754,-5181,False,Zone_Alpha
1641051480000,SENSOR_007,1379.754919062616,923.7012955442547,-4247,False,Zone_Delta
1641051540000,SENSOR_003,-3765.4211490974967,-804.1584244183531,3969,False,Zone_Bravo
1641051600000,SENSOR_001,7226.887253282202,263.85397709731205,-5326,False,Zone_Bravo
1641051660000,SENSOR_008,-7527.147525177651,351.4247380075665,-7428,False,Zone_Delta
1641051720000,SENSOR_009,-8844.499445684976,103.98071999032777,-1263,True,Zone_Alpha
1641051780000,SENSOR_005,-8289.205127395056,55.73058514652803,-1454,False,Zone_Bravo
1641051840000,SENSOR_008,2967.6025404806533,474.9953552023603,-1801,True,Zone_Bravo
1641051900000,SENSOR_008,3602.581578780382,-544.6263545771188,1835,True,Zone_Echo
1641051960000,SENSOR_009,-1312.7662848184027,187.88223865754048,5371,True,Zone_Alpha
1641052020000,SENSOR_007,6187.474514713744,234.0249648791903,1867,True,Zone_Bravo
1641052080000,SENSOR_003,-7714.3509325168425,-275.3194839315689,-6568,False,Zone_Charlie
1641052140000,SENSOR_009,-1143.5449181791355,-497.07391782672096,-6192,False,Zone_Charlie
1641052200000,SENSOR_003,-4227.714466353656,-339.66550475567715,-2677,False,Zone_Delta
1641052260000,SENSOR_002,6000.929738554147,735.2083461756695,23,True,Zone_Delta
1641052320000,SENSOR_004,-8865.561013347284,799.2344909629371,2186,False,Zone_Bravo
1641052380000,SENSOR_001,1296.2610469408228,487.51209914610445,6407,True,Zone_Alpha
1641052440000,SENSOR_003,3552.0021397530527,214.20190887844228,-5420,False,Zone_Echo
1641052500000,SENSOR_009,3214.0427333810458,-794.6415847584851,-5040,True,Zone_Echo
1641052560000,SENSOR_008,-8382.103492618824,-927.3012067433785,-5413,True,Zone_Charlie
1641052620000,SENSOR_002,6280.377264636834,-425.50195411530933,1567,True,Zone_Charlie
1641052680000,SENSOR_005,3598.6195055645894,577.6344265246598,-2558,False,Zone_Charlie
1641052740000,SENSOR_004,3725.8142564807004,-30.161215953409283,-2638,True,Zone_Bravo
1641052800000,SENSOR_005,2553.6222019796132,337.5188271009981,-1812,False,Zone_Echo
1641052860000,SENSOR_009,-725.8827506870948,781.8525214448396,6746,False,Zone_Echo
1641052920000,SENSOR_008,1727.4604447593283,273.51479876993767,-5175,True,Zone_Bravo
1641052980000,SENSOR_001,5449.315603355455,893.9068601217241,7485,False,Zone_Alpha
1641053040000,SENSOR_009,-5680.936679602295,-495.0595659155199,-7306,True,Zone_Bravo
1641053100000,SENSOR_001,8791.743880088474,-857.2857649226842,4565,True,Zone_Charlie
1641053160000,SENSOR_006,-3236.0898525833345,-831.9716618707145,-7914,True,Zone_Delta
1641053220000,SENSOR_003,-4624.296902317331,317.9935347644305,952,False,Zone_Charlie
1641053280000,SENSOR_001,4553.073704815079,-853.1862642936783,2279,False,Zone_Bravo
1641053340000,SENSOR_009,9847.37809697715,111.65133738601003,3465,True,Zone_Echo
1641053400000,SENSOR_006,-9445.00893204119,-820.0983665680967,93,False,Zone_Bravo
1641053460000,SENSOR_009,-1335.098467110376,-401.81947845890795,4650,True,Zone_Alpha
1641053520000,SENSOR_008,-8648.447732899898,-47.256359322229514,5770,True,Zone_Delta
1641053580000,SENSOR_010,-6102.49795003765,-26.020566500317045,-5599,False,Zone_Delta
1641053640000,SENSOR_008,-7648.875990638715,-673.9989579011562,-1006,True,Zone_Delta
1641053700000,SENSOR_008,-1281.6506578856734,-689.8546378652031,5786,False,Zone_Delta
1641053760000,SENSOR_003,-8242.907133743975,-286.7577021842395,-7869,True,Zone_Alpha
1641053820000,SENSOR_010,-3512.8257067376926,-509.89878521856946,5468,True,Zone_Charlie
1641053880000,SENSOR_003,-2878.599011430125,103.44021614945405,2379,False,Zone_Charlie
1641053940000,SENSOR_003,-6483.137633026057,758.6669178912866,-8688,True,Zone_Echo
1641054000000,SENSOR_006,917.146718526823,178.57342880054807,-3416,False,Zone_Alpha
1641054060000,SENSOR_005,-3692.125510346844,-345.780467813821,8306,True,Zone_Bravo
1641054120000,SENSOR_003,-9216.483891162652,-707.1057888764243,7659,True,Zone_Charlie
1641054180000,SENSOR_005,1744.5239700234179,110.97309202003089,-6959,True,Zone_Alpha
1641054240000,SENSOR_003,5730.193244335371,-591.6721910973038,1967,False,Zone_Charlie
1641054300000,SENSOR_002,-8982.73539015273,-431.2781077234125,2889,True,Zone_Delta
1641054360000,SENSOR_003,5522.372646529548,-358.85622803309775,-6404,True,Zone_Bravo
1641054420000,SENSOR_003,8184.754807105466,253.08024045293473,983,True,Zone_Bravo
1641054480000,SENSOR_002,-7718.114776815992,-86.40038473200343,9689,True,Zone_Alpha
1641054540000,SENSOR_003,-243.44978385003014,768.5138157655642,-3283,True,Zone_Echo
1641054600000,SENSOR_001,-5557.618135342233,265.6216612691246,4604,False,Zone_Alpha
1641054660000,SENSOR_003,-7172.469858187975,864.0997812718492,-7166,True,Zone_Delta
1641054720000,SENSOR_003,-4969.443926863879,-592.8155749782043,-8749,False,Zone_Delta
1641054780000,SENSOR_008,8659.448704715163,-595.2958533037934,5244,False,Zone_Echo
1641054840000,SENSOR_010,-4640.649167690279,674.2450821465493,-70,False,Zone_Charlie
1641054900000,SENSOR_007,5774.613016596915,-291.6253783196298,-7813,True,Zone_Bravo
1641054960000,SENSOR_008,-9685.259211611521,197.2750039966595,-3765,True,Zone_Bravo
1641055020000,SENSOR_003,-9452.368413646513,-133.424753380021,-6569,False,Zone_Delta
1641055080000,SENSOR_006,-7980.793256440473,62.86705986607285,-626,True,Zone_Charlie
1641055140000,SENSOR_010,-420.4544507364917,-605.2638500308681,-7003,True,Zone_Echo
